{
  "variants": {
    "facing=east":[
      {"model": "minecraft:block/attached_pumpkin_stem/attached_pumpkin_stem_leafy", "weight":10, "y": 180},
      {"model": "minecraft:block/attached_pumpkin_stem/attached_pumpkin_stem_leafy", "weight":90, "y": 180}
    ],
    "facing=north":[
      {"model": "minecraft:block/attached_pumpkin_stem/attached_pumpkin_stem_leafy", "weight":10, "y": 90},
      {"model": "minecraft:block/attached_pumpkin_stem/attached_pumpkin_stem_leafy", "weight":90, "y": 90}
    ],
    "facing=south":[
      {"model": "minecraft:block/attached_pumpkin_stem/attached_pumpkin_stem_leafy", "weight":10, "y": 270},
      {"model": "minecraft:block/attached_pumpkin_stem/attached_pumpkin_stem_leafy", "weight":90, "y": 270}
    ],
    "facing=west":[
      {"model": "minecraft:block/attached_pumpkin_stem/attached_pumpkin_stem_leafy", "weight":10},
      {"model": "minecraft:block/attached_pumpkin_stem/attached_pumpkin_stem_leafy", "weight":90}
    ]
  }
}