{
    "variants": {
        "": [
            { "model": "block/azure_bluet" },
            { "model": "block/azure_bluet/1" },
			{ "model": "block/azure_bluet/2" },
			{ "model": "block/azure_bluet/3" },
			{ "model": "block/azure_bluet/4" },
			{ "model": "block/azure_bluet/5" },
			{ "model": "block/azure_bluet/6" },
			{ "model": "block/azure_bluet/7" },
			{ "model": "block/azure_bluet/8" },
			{ "model": "block/azure_bluet/9" },
			{ "model": "block/azure_bluet/10" },
			{ "model": "block/azure_bluet/11" },
			{ "model": "block/azure_bluet/12" },
			{ "model": "block/azure_bluet/13" },
			{ "model": "block/azure_bluet/14" }
        ]
    }
}
