{
    "variants": {
        "type=bottom": [
		    { "model": "block/birch_slab" },
			{ "model": "block/birch_slab/1" },
			{ "model": "block/birch_slab/2" },
			{ "model": "block/birch_slab/3" },
			{ "model": "block/birch_slab/4" },
			{ "model": "block/birch_slab/5" },
			{ "model": "block/birch_slab/6" },
			{ "model": "block/birch_slab/7" },
			{ "model": "block/birch_slab/8" },
			{ "model": "block/birch_slab/9" }
		],
        "type=top": [
		    { "model": "block/birch_slab_top" },
			{ "model": "block/birch_slab_top/1" },
			{ "model": "block/birch_slab_top/2" },
			{ "model": "block/birch_slab_top/3" },
			{ "model": "block/birch_slab_top/4" },
			{ "model": "block/birch_slab_top/5" },
			{ "model": "block/birch_slab_top/6" },
			{ "model": "block/birch_slab_top/7" },
			{ "model": "block/birch_slab_top/8" },
			{ "model": "block/birch_slab_top/9" }
		],
        "type=double": [
		    { "model": "block/birch_planks" },
			{ "model": "block/birch_planks/1" },
			{ "model": "block/birch_planks/2" },
			{ "model": "block/birch_planks/3" },
			{ "model": "block/birch_planks/4" },
			{ "model": "block/birch_planks/5" },
			{ "model": "block/birch_planks/6" },
			{ "model": "block/birch_planks/7" },
			{ "model": "block/birch_planks/8" },
			{ "model": "block/birch_planks/9" }
		]
    }
}
