{
    "variants": {
        "facing=east,half=bottom,shape=straight": [
		    { "model": "block/blackstone_stairs" },
			{ "model": "block/blackstone_stairs/1" },
			{ "model": "block/blackstone_stairs/2" }
		],
        "facing=west,half=bottom,shape=straight": [
    		{ "model": "block/blackstone_stairs", "y": 180, "uvlock": true },
			{ "model": "block/blackstone_stairs/1", "y": 180, "uvlock": true },
			{ "model": "block/blackstone_stairs/2", "y": 180, "uvlock": true }
		],
        "facing=south,half=bottom,shape=straight": [
		    { "model": "block/blackstone_stairs", "y": 90, "uvlock": true },
			{ "model": "block/blackstone_stairs/1", "y": 90, "uvlock": true },
			{ "model": "block/blackstone_stairs/2", "y": 90, "uvlock": true }
		],
        "facing=north,half=bottom,shape=straight": [
		    { "model": "block/blackstone_stairs", "y": 270, "uvlock": true },
			{ "model": "block/blackstone_stairs/1", "y": 270, "uvlock": true },
			{ "model": "block/blackstone_stairs/2", "y": 270, "uvlock": true }
		],
        "facing=east,half=bottom,shape=outer_right": [
    		{ "model": "block/blackstone_stairs_outer" },
			{ "model": "block/blackstone_stairs_outer/1" },
			{ "model": "block/blackstone_stairs_outer/2" }
		],
        "facing=west,half=bottom,shape=outer_right": [
    		{ "model": "block/blackstone_stairs_outer", "y": 180, "uvlock": true },
			{ "model": "block/blackstone_stairs_outer/1", "y": 180, "uvlock": true },
			{ "model": "block/blackstone_stairs_outer/2", "y": 180, "uvlock": true }
		],
        "facing=south,half=bottom,shape=outer_right": [
		    { "model": "block/blackstone_stairs_outer", "y": 90, "uvlock": true },
			{ "model": "block/blackstone_stairs_outer/1", "y": 90, "uvlock": true },
			{ "model": "block/blackstone_stairs_outer/2", "y": 90, "uvlock": true }
		],
        "facing=north,half=bottom,shape=outer_right": [
		    { "model": "block/blackstone_stairs_outer", "y": 270, "uvlock": true },
			{ "model": "block/blackstone_stairs_outer/1", "y": 270, "uvlock": true },
			{ "model": "block/blackstone_stairs_outer/2", "y": 270, "uvlock": true }
		],
        "facing=east,half=bottom,shape=outer_left": [
    		{ "model": "block/blackstone_stairs_outer", "y": 270, "uvlock": true },
			{ "model": "block/blackstone_stairs_outer/1", "y": 270, "uvlock": true },
			{ "model": "block/blackstone_stairs_outer/2", "y": 270, "uvlock": true }
		],
        "facing=west,half=bottom,shape=outer_left": [
    		{ "model": "block/blackstone_stairs_outer", "y": 90, "uvlock": true },
			{ "model": "block/blackstone_stairs_outer/1", "y": 90, "uvlock": true },
			{ "model": "block/blackstone_stairs_outer/2", "y": 90, "uvlock": true }
		],
        "facing=south,half=bottom,shape=outer_left": [
		    { "model": "block/blackstone_stairs_outer" },
			{ "model": "block/blackstone_stairs_outer/1" },
			{ "model": "block/blackstone_stairs_outer/2" }
		],
        "facing=north,half=bottom,shape=outer_left": [
		    { "model": "block/blackstone_stairs_outer", "y": 180, "uvlock": true },
			{ "model": "block/blackstone_stairs_outer/1", "y": 180, "uvlock": true },
			{ "model": "block/blackstone_stairs_outer/2", "y": 180, "uvlock": true }
		],
        "facing=east,half=bottom,shape=inner_right": [
    		{ "model": "block/blackstone_stairs_inner" },
			{ "model": "block/blackstone_stairs_inner/1" },
			{ "model": "block/blackstone_stairs_inner/2" }
		],
        "facing=west,half=bottom,shape=inner_right": [
    		{ "model": "block/blackstone_stairs_inner", "y": 180, "uvlock": true },
			{ "model": "block/blackstone_stairs_inner/1", "y": 180, "uvlock": true },
			{ "model": "block/blackstone_stairs_inner/2", "y": 180, "uvlock": true }
		],
        "facing=south,half=bottom,shape=inner_right": [
		    { "model": "block/blackstone_stairs_inner", "y": 90, "uvlock": true },
			{ "model": "block/blackstone_stairs_inner/1", "y": 90, "uvlock": true },
			{ "model": "block/blackstone_stairs_inner/2", "y": 90, "uvlock": true }
		],
        "facing=north,half=bottom,shape=inner_right": [
		    { "model": "block/blackstone_stairs_inner", "y": 270, "uvlock": true },
			{ "model": "block/blackstone_stairs_inner/1", "y": 270, "uvlock": true },
			{ "model": "block/blackstone_stairs_inner/2", "y": 270, "uvlock": true }
		],
        "facing=east,half=bottom,shape=inner_left": [
    		{ "model": "block/blackstone_stairs_inner", "y": 270, "uvlock": true },
			{ "model": "block/blackstone_stairs_inner/1", "y": 270, "uvlock": true },
			{ "model": "block/blackstone_stairs_inner/2", "y": 270, "uvlock": true }
		],
        "facing=west,half=bottom,shape=inner_left": [
    		{ "model": "block/blackstone_stairs_inner", "y": 90, "uvlock": true },
			{ "model": "block/blackstone_stairs_inner/1", "y": 90, "uvlock": true },
			{ "model": "block/blackstone_stairs_inner/2", "y": 90, "uvlock": true }
		],
        "facing=south,half=bottom,shape=inner_left": [
		    { "model": "block/blackstone_stairs_inner" },
			{ "model": "block/blackstone_stairs_inner/1" },
			{ "model": "block/blackstone_stairs_inner/2" }
		],
        "facing=north,half=bottom,shape=inner_left": [
		   { "model": "block/blackstone_stairs_inner", "y": 180, "uvlock": true },
		   { "model": "block/blackstone_stairs_inner/1", "y": 180, "uvlock": true },
		   { "model": "block/blackstone_stairs_inner/2", "y": 180, "uvlock": true }
		],
        "facing=east,half=top,shape=straight": [
    		{ "model": "block/blackstone_stairs", "x": 180, "uvlock": true },
			{ "model": "block/blackstone_stairs/1", "x": 180, "uvlock": true },
			{ "model": "block/blackstone_stairs/2", "x": 180, "uvlock": true }
		],
        "facing=west,half=top,shape=straight": [
    		{ "model": "block/blackstone_stairs", "x": 180, "y": 180, "uvlock": true },
			{ "model": "block/blackstone_stairs/1", "x": 180, "y": 180, "uvlock": true },
			{ "model": "block/blackstone_stairs/2", "x": 180, "y": 180, "uvlock": true }
		],
        "facing=south,half=top,shape=straight": [
		    { "model": "block/blackstone_stairs", "x": 180, "y": 90, "uvlock": true },
			{ "model": "block/blackstone_stairs/1", "x": 180, "y": 90, "uvlock": true },
			{ "model": "block/blackstone_stairs/2", "x": 180, "y": 90, "uvlock": true }
		],
        "facing=north,half=top,shape=straight": [
		    { "model": "block/blackstone_stairs", "x": 180, "y": 270, "uvlock": true },
			{ "model": "block/blackstone_stairs/1", "x": 180, "y": 270, "uvlock": true },
			{ "model": "block/blackstone_stairs/2", "x": 180, "y": 270, "uvlock": true }
		],
        "facing=east,half=top,shape=outer_right": [
    		{ "model": "block/blackstone_stairs_outer", "x": 180, "y": 90, "uvlock": true },
			{ "model": "block/blackstone_stairs_outer/1", "x": 180, "y": 90, "uvlock": true },
			{ "model": "block/blackstone_stairs_outer/2", "x": 180, "y": 90, "uvlock": true }
		],
        "facing=west,half=top,shape=outer_right": [
		    { "model": "block/blackstone_stairs_outer", "x": 180, "y": 270, "uvlock": true },
			{ "model": "block/blackstone_stairs_outer/1", "x": 180, "y": 270, "uvlock": true },
			{ "model": "block/blackstone_stairs_outer/2", "x": 180, "y": 270, "uvlock": true }
		],
        "facing=south,half=top,shape=outer_right": [
		    { "model": "block/blackstone_stairs_outer", "x": 180, "y": 180, "uvlock": true },
			{ "model": "block/blackstone_stairs_outer/1", "x": 180, "y": 180, "uvlock": true },
			{ "model": "block/blackstone_stairs_outer/2", "x": 180, "y": 180, "uvlock": true }
		],
        "facing=north,half=top,shape=outer_right": [
		    { "model": "block/blackstone_stairs_outer", "x": 180, "uvlock": true },
			{ "model": "block/blackstone_stairs_outer/1", "x": 180, "uvlock": true },
		    { "model": "block/blackstone_stairs_outer/2", "x": 180, "uvlock": true }
		],
        "facing=east,half=top,shape=outer_left": [
    		{ "model": "block/blackstone_stairs_outer", "x": 180, "uvlock": true },
			{ "model": "block/blackstone_stairs_outer/1", "x": 180, "uvlock": true },
			{ "model": "block/blackstone_stairs_outer/2", "x": 180, "uvlock": true }
		],
        "facing=west,half=top,shape=outer_left": [
    		{ "model": "block/blackstone_stairs_outer", "x": 180, "y": 180, "uvlock": true },
			{ "model": "block/blackstone_stairs_outer/1", "x": 180, "y": 180, "uvlock": true },
			{ "model": "block/blackstone_stairs_outer/2", "x": 180, "y": 180, "uvlock": true }
		],
        "facing=south,half=top,shape=outer_left": [
		    { "model": "block/blackstone_stairs_outer", "x": 180, "y": 90, "uvlock": true },
			{ "model": "block/blackstone_stairs_outer/1", "x": 180, "y": 90, "uvlock": true },
		    { "model": "block/blackstone_stairs_outer/2", "x": 180, "y": 90, "uvlock": true }
		],	   
        "facing=north,half=top,shape=outer_left": [
		    { "model": "block/blackstone_stairs_outer", "x": 180, "y": 270, "uvlock": true },
			{ "model": "block/blackstone_stairs_outer/1", "x": 180, "y": 270, "uvlock": true },
			{ "model": "block/blackstone_stairs_outer/2", "x": 180, "y": 270, "uvlock": true }
		],
        "facing=east,half=top,shape=inner_right": [
     		{ "model": "block/blackstone_stairs_inner", "x": 180, "y": 90, "uvlock": true },
			{ "model": "block/blackstone_stairs_inner/1", "x": 180, "y": 90, "uvlock": true },
			{ "model": "block/blackstone_stairs_inner/2", "x": 180, "y": 90, "uvlock": true }
		],
        "facing=west,half=top,shape=inner_right": [
    		{ "model": "block/blackstone_stairs_inner", "x": 180, "y": 270, "uvlock": true },
			{ "model": "block/blackstone_stairs_inner/1", "x": 180, "y": 270, "uvlock": true },
			{ "model": "block/blackstone_stairs_inner/2", "x": 180, "y": 270, "uvlock": true }
		],
        "facing=south,half=top,shape=inner_right": [
		    { "model": "block/blackstone_stairs_inner", "x": 180, "y": 180, "uvlock": true },
			{ "model": "block/blackstone_stairs_inner/1", "x": 180, "y": 180, "uvlock": true },
			{ "model": "block/blackstone_stairs_inner/2", "x": 180, "y": 180, "uvlock": true }
	    ],
        "facing=north,half=top,shape=inner_right": [
		   { "model": "block/blackstone_stairs_inner", "x": 180, "uvlock": true },
		   { "model": "block/blackstone_stairs_inner/1", "x": 180, "uvlock": true },
		   { "model": "block/blackstone_stairs_inner/2", "x": 180, "uvlock": true }
		],
        "facing=east,half=top,shape=inner_left": [
    		{ "model": "block/blackstone_stairs_inner", "x": 180, "uvlock": true },
			{ "model": "block/blackstone_stairs_inner/1", "x": 180, "uvlock": true },
			{ "model": "block/blackstone_stairs_inner/2", "x": 180, "uvlock": true }
		],
        "facing=west,half=top,shape=inner_left": [
    		{ "model": "block/blackstone_stairs_inner", "x": 180, "y": 180, "uvlock": true },
			{ "model": "block/blackstone_stairs_inner/1", "x": 180, "y": 180, "uvlock": true },
			{ "model": "block/blackstone_stairs_inner/2", "x": 180, "y": 180, "uvlock": true }
		],
        "facing=south,half=top,shape=inner_left": [
		    { "model": "block/blackstone_stairs_inner", "x": 180, "y": 90, "uvlock": true },
			{ "model": "block/blackstone_stairs_inner/1", "x": 180, "y": 90, "uvlock": true },
			{ "model": "block/blackstone_stairs_inner/2", "x": 180, "y": 90, "uvlock": true }
		],
        "facing=north,half=top,shape=inner_left": [
		    { "model": "block/blackstone_stairs_inner", "x": 180, "y": 270, "uvlock": true },
			{ "model": "block/blackstone_stairs_inner/1", "x": 180, "y": 270, "uvlock": true },
			{ "model": "block/blackstone_stairs_inner/2", "x": 180, "y": 270, "uvlock": true }
		]
    }
}
