{
    "variants": {
        "": [
            { "model": "block/cactus", "weight": 10},
            { "model": "block/cactus/1", "weight": 4},
			{ "model": "block/cactus/2", "weight": 4},
            { "model": "block/cactus/3", "weight": 4},
			{ "model": "block/cactus/4", "weight": 4},
			{ "model": "block/cactus/5", "weight": 10},
			{ "model": "block/cactus/6", "weight": 4},
			{ "model": "block/cactus/7", "weight": 4},
			{ "model": "block/cactus/8", "weight": 4},
			{ "model": "block/cactus/9", "weight": 4},
			{ "model": "block/cactus/10", "weight": 10}
        ]
    }
}