{
    "variants": {
        "type=bottom": [
		    { "model": "block/crimson_slab" },
			{ "model": "block/crimson_slab/1" },
			{ "model": "block/crimson_slab/2" },
			{ "model": "block/crimson_slab/3" },
			{ "model": "block/crimson_slab/4" },
			{ "model": "block/crimson_slab/5" },
			{ "model": "block/crimson_slab/6" },
			{ "model": "block/crimson_slab/7" },
			{ "model": "block/crimson_slab/8" },
			{ "model": "block/crimson_slab/9" }
		],
        "type=top": [
		    { "model": "block/crimson_slab_top" },
			{ "model": "block/crimson_slab_top/1" },
			{ "model": "block/crimson_slab_top/2" },
			{ "model": "block/crimson_slab_top/3" },
			{ "model": "block/crimson_slab_top/4" },
			{ "model": "block/crimson_slab_top/5" },
			{ "model": "block/crimson_slab_top/6" },
			{ "model": "block/crimson_slab_top/7" },
			{ "model": "block/crimson_slab_top/8" },
			{ "model": "block/crimson_slab_top/9" }
		],
        "type=double": [
		    { "model": "block/crimson_planks" },
			{ "model": "block/crimson_planks/1" },
			{ "model": "block/crimson_planks/2" },
			{ "model": "block/crimson_planks/3" },
			{ "model": "block/crimson_planks/4" },
			{ "model": "block/crimson_planks/5" },
			{ "model": "block/crimson_planks/6" },
			{ "model": "block/crimson_planks/7" },
			{ "model": "block/crimson_planks/8" },
			{ "model": "block/crimson_planks/9" }
		]
    }
}
