{
    "variants": {
        "type=bottom": [
		    { "model": "block/dark_oak_slab" },
			{ "model": "block/dark_oak_slab/1" },
			{ "model": "block/dark_oak_slab/2" },
			{ "model": "block/dark_oak_slab/3" },
			{ "model": "block/dark_oak_slab/4" },
			{ "model": "block/dark_oak_slab/5" },
			{ "model": "block/dark_oak_slab/6" },
			{ "model": "block/dark_oak_slab/7" },
			{ "model": "block/dark_oak_slab/8" },
			{ "model": "block/dark_oak_slab/9" }
		],
        "type=top": [
		    { "model": "block/dark_oak_slab_top" },
			{ "model": "block/dark_oak_slab_top/1" },
			{ "model": "block/dark_oak_slab_top/2" },
			{ "model": "block/dark_oak_slab_top/3" },
			{ "model": "block/dark_oak_slab_top/4" },
			{ "model": "block/dark_oak_slab_top/5" },
			{ "model": "block/dark_oak_slab_top/6" },
			{ "model": "block/dark_oak_slab_top/7" },
			{ "model": "block/dark_oak_slab_top/8" },
			{ "model": "block/dark_oak_slab_top/9" }
		],
        "type=double": [
		    { "model": "block/dark_oak_planks" },
			{ "model": "block/dark_oak_planks/1" },
			{ "model": "block/dark_oak_planks/2" },
			{ "model": "block/dark_oak_planks/3" },
			{ "model": "block/dark_oak_planks/4" },
			{ "model": "block/dark_oak_planks/5" },
			{ "model": "block/dark_oak_planks/6" },
			{ "model": "block/dark_oak_planks/7" },
			{ "model": "block/dark_oak_planks/8" },
			{ "model": "block/dark_oak_planks/9" }
		]
    }
}
