{
    "variants": {
        "facing=north,lit=false": [
			{ "model": "block/furnace" }
		],
        "facing=south,lit=false": [
			{ "model": "block/furnace", "y": 180 }
		],
        "facing=west,lit=false": [
			{ "model": "block/furnace", "y": 270 }
		],
        "facing=east,lit=false": [
			{ "model": "block/furnace", "y": 90 }
		],
        "facing=north,lit=true": [
			{ "model": "block/furnace/0" },
			{ "model": "block/furnace/1" },
			{ "model": "block/furnace/2" },
			{ "model": "block/furnace/3" }
		],
        "facing=south,lit=true": [
			{ "model": "block/furnace/0", "y": 180 },
			{ "model": "block/furnace/1", "y": 180 },
			{ "model": "block/furnace/2", "y": 180 },
			{ "model": "block/furnace/3", "y": 180 }
		],
        "facing=west,lit=true": [
			{ "model": "block/furnace/0", "y": 270 },
			{ "model": "block/furnace/1", "y": 270 },
			{ "model": "block/furnace/2", "y": 270 },
			{ "model": "block/furnace/3", "y": 270 }
		],
        "facing=east,lit=true": [
			{ "model": "block/furnace/0", "y": 90 },
			{ "model": "block/furnace/1", "y": 90 },
			{ "model": "block/furnace/2", "y": 90 },
			{ "model": "block/furnace/3", "y": 90 }
		]
    }
}
