{
    "variants": {
        "type=bottom": [
		    { "model": "block/jungle_slab" },
			{ "model": "block/jungle_slab/1" },
			{ "model": "block/jungle_slab/2" },
			{ "model": "block/jungle_slab/3" },
			{ "model": "block/jungle_slab/4" },
			{ "model": "block/jungle_slab/5" },
			{ "model": "block/jungle_slab/6" },
			{ "model": "block/jungle_slab/7" },
			{ "model": "block/jungle_slab/8" },
			{ "model": "block/jungle_slab/9" }
		],
        "type=top": [
		    { "model": "block/jungle_slab_top" },
			{ "model": "block/jungle_slab_top/1" },
			{ "model": "block/jungle_slab_top/2" },
			{ "model": "block/jungle_slab_top/3" },
			{ "model": "block/jungle_slab_top/4" },
			{ "model": "block/jungle_slab_top/5" },
			{ "model": "block/jungle_slab_top/6" },
			{ "model": "block/jungle_slab_top/7" },
			{ "model": "block/jungle_slab_top/8" },
			{ "model": "block/jungle_slab_top/9" }
		],
        "type=double": [
		    { "model": "block/jungle_planks" },
			{ "model": "block/jungle_planks/1" },
			{ "model": "block/jungle_planks/2" },
			{ "model": "block/jungle_planks/3" },
			{ "model": "block/jungle_planks/4" },
			{ "model": "block/jungle_planks/5" },
			{ "model": "block/jungle_planks/6" },
			{ "model": "block/jungle_planks/7" },
			{ "model": "block/jungle_planks/8" },
			{ "model": "block/jungle_planks/9" }
		]
    }
}
