{
    "variants": {
        "": [
            { "model": "block/nether_gold_ore" },
            { "model": "block/nether_gold_ore/1" },
			{ "model": "block/nether_gold_ore/2" },
            { "model": "block/nether_gold_ore/3" },
            { "model": "block/nether_gold_ore/4" },
            { "model": "block/nether_gold_ore/5" },
            { "model": "block/nether_gold_ore/6" },
            { "model": "block/nether_gold_ore/7" },
            { "model": "block/nether_gold_ore/8" },
            { "model": "block/nether_gold_ore/9" },
            { "model": "block/nether_gold_ore/10" },
            { "model": "block/nether_gold_ore/11" }
        ]
    }
}

