{
    "variants": {
        "": [
            { "model": "block/oak_leaves", "weight": 100 },
            { "model": "block/oak_leaves/1", "weight": 3 },
			{ "model": "block/oak_leaves/2", "weight": 3 },
			{ "model": "block/oak_leaves/3", "weight": 3 },
			{ "model": "block/oak_leaves/4", "weight": 3 },
			{ "model": "block/oak_leaves/5", "weight": 3 },
			{ "model": "block/oak_leaves/6", "weight": 3 },
			{ "model": "block/oak_leaves/7", "weight": 3 },
			{ "model": "block/oak_leaves/8", "weight": 3 }
        ]
    }
}