{
    "variants": {
        "age=0": [
		        { "model": "block/sweet_berry_bush_stage0" },
				{ "model": "block/sweet_berry_bush/0_1" }
			],
        "age=1": { "model": "block/sweet_berry_bush_stage1" },
        "age=2": [
		        { "model": "block/sweet_berry_bush_stage2" },
				{ "model": "block/sweet_berry_bush/2_1" },
				{ "model": "block/sweet_berry_bush/2_2" }
			],
        "age=3": [
		        { "model": "block/sweet_berry_bush_stage3" },
				{ "model": "block/sweet_berry_bush/3_1" },
				{ "model": "block/sweet_berry_bush/3_2" }
			]
    }
}
