{
    "variants": {
        "type=bottom": [
		    { "model": "block/warped_slab" },
			{ "model": "block/warped_slab/1" },
			{ "model": "block/warped_slab/2" },
			{ "model": "block/warped_slab/3" },
			{ "model": "block/warped_slab/4" },
			{ "model": "block/warped_slab/5" },
			{ "model": "block/warped_slab/6" },
			{ "model": "block/warped_slab/7" },
			{ "model": "block/warped_slab/8" },
			{ "model": "block/warped_slab/9" }
		],
        "type=top": [
		    { "model": "block/warped_slab_top" },
			{ "model": "block/warped_slab_top/1" },
			{ "model": "block/warped_slab_top/2" },
			{ "model": "block/warped_slab_top/3" },
			{ "model": "block/warped_slab_top/4" },
			{ "model": "block/warped_slab_top/5" },
			{ "model": "block/warped_slab_top/6" },
			{ "model": "block/warped_slab_top/7" },
			{ "model": "block/warped_slab_top/8" },
			{ "model": "block/warped_slab_top/9" }
		],
        "type=double": [
		    { "model": "block/warped_planks" },
			{ "model": "block/warped_planks/1" },
			{ "model": "block/warped_planks/2" },
			{ "model": "block/warped_planks/3" },
			{ "model": "block/warped_planks/4" },
			{ "model": "block/warped_planks/5" },
			{ "model": "block/warped_planks/6" },
			{ "model": "block/warped_planks/7" },
			{ "model": "block/warped_planks/8" },
			{ "model": "block/warped_planks/9" }
		]
    }
}
