{
    "variants": {
        "facing=east,half=bottom,shape=straight": [
		    { "model": "block/warped_stairs" },
			{ "model": "block/warped_stairs/1" },
			{ "model": "block/warped_stairs/2" },
			{ "model": "block/warped_stairs/3" },
			{ "model": "block/warped_stairs/4" },
			{ "model": "block/warped_stairs/5" },
			{ "model": "block/warped_stairs/6" },
			{ "model": "block/warped_stairs/7" },
			{ "model": "block/warped_stairs/8" },
			{ "model": "block/warped_stairs/9" }
		],
        "facing=west,half=bottom,shape=straight": [
    		{ "model": "block/warped_stairs", "y": 180, "uvlock": true },
			{ "model": "block/warped_stairs/1", "y": 180, "uvlock": true },
			{ "model": "block/warped_stairs/2", "y": 180, "uvlock": true },
			{ "model": "block/warped_stairs/3", "y": 180, "uvlock": true },
			{ "model": "block/warped_stairs/4", "y": 180, "uvlock": true },
			{ "model": "block/warped_stairs/5", "y": 180, "uvlock": true },
			{ "model": "block/warped_stairs/6", "y": 180, "uvlock": true },
			{ "model": "block/warped_stairs/7", "y": 180, "uvlock": true },
			{ "model": "block/warped_stairs/8", "y": 180, "uvlock": true },
			{ "model": "block/warped_stairs/9", "y": 180, "uvlock": true }
		],
        "facing=south,half=bottom,shape=straight": [
		    { "model": "block/warped_stairs", "y": 90, "uvlock": true },
			{ "model": "block/warped_stairs/1", "y": 90, "uvlock": true },
			{ "model": "block/warped_stairs/2", "y": 90, "uvlock": true },
			{ "model": "block/warped_stairs/3", "y": 90, "uvlock": true },
			{ "model": "block/warped_stairs/4", "y": 90, "uvlock": true },
			{ "model": "block/warped_stairs/5", "y": 90, "uvlock": true },
			{ "model": "block/warped_stairs/6", "y": 90, "uvlock": true },
			{ "model": "block/warped_stairs/7", "y": 90, "uvlock": true },
			{ "model": "block/warped_stairs/8", "y": 90, "uvlock": true },
			{ "model": "block/warped_stairs/9", "y": 90, "uvlock": true }
		],
        "facing=north,half=bottom,shape=straight": [
		    { "model": "block/warped_stairs", "y": 270, "uvlock": true },
			{ "model": "block/warped_stairs/1", "y": 270, "uvlock": true },
			{ "model": "block/warped_stairs/2", "y": 270, "uvlock": true },
			{ "model": "block/warped_stairs/3", "y": 270, "uvlock": true },
			{ "model": "block/warped_stairs/4", "y": 270, "uvlock": true },
			{ "model": "block/warped_stairs/5", "y": 270, "uvlock": true },
			{ "model": "block/warped_stairs/6", "y": 270, "uvlock": true },
			{ "model": "block/warped_stairs/7", "y": 270, "uvlock": true },
			{ "model": "block/warped_stairs/8", "y": 270, "uvlock": true },
			{ "model": "block/warped_stairs/9", "y": 270, "uvlock": true }
		],
        "facing=east,half=bottom,shape=outer_right": [
    		{ "model": "block/warped_stairs_outer" },
			{ "model": "block/warped_stairs_outer/1" },
			{ "model": "block/warped_stairs_outer/2" },
			{ "model": "block/warped_stairs_outer/3" },
			{ "model": "block/warped_stairs_outer/4" },
			{ "model": "block/warped_stairs_outer/5" },
			{ "model": "block/warped_stairs_outer/6" },
			{ "model": "block/warped_stairs_outer/7" },
			{ "model": "block/warped_stairs_outer/8" },
			{ "model": "block/warped_stairs_outer/9" }
		],
        "facing=west,half=bottom,shape=outer_right": [
    		{ "model": "block/warped_stairs_outer", "y": 180, "uvlock": true },
			{ "model": "block/warped_stairs_outer/1", "y": 180, "uvlock": true },
			{ "model": "block/warped_stairs_outer/2", "y": 180, "uvlock": true },
			{ "model": "block/warped_stairs_outer/3", "y": 180, "uvlock": true },
			{ "model": "block/warped_stairs_outer/4", "y": 180, "uvlock": true },
			{ "model": "block/warped_stairs_outer/5", "y": 180, "uvlock": true },
			{ "model": "block/warped_stairs_outer/6", "y": 180, "uvlock": true },
			{ "model": "block/warped_stairs_outer/7", "y": 180, "uvlock": true },
			{ "model": "block/warped_stairs_outer/8", "y": 180, "uvlock": true },
			{ "model": "block/warped_stairs_outer/9", "y": 180, "uvlock": true }
		],
        "facing=south,half=bottom,shape=outer_right": [
		    { "model": "block/warped_stairs_outer", "y": 90, "uvlock": true },
			{ "model": "block/warped_stairs_outer/1", "y": 90, "uvlock": true },
			{ "model": "block/warped_stairs_outer/2", "y": 90, "uvlock": true },
			{ "model": "block/warped_stairs_outer/3", "y": 90, "uvlock": true },
			{ "model": "block/warped_stairs_outer/4", "y": 90, "uvlock": true },
			{ "model": "block/warped_stairs_outer/5", "y": 90, "uvlock": true },
			{ "model": "block/warped_stairs_outer/6", "y": 90, "uvlock": true },
			{ "model": "block/warped_stairs_outer/7", "y": 90, "uvlock": true },
			{ "model": "block/warped_stairs_outer/8", "y": 90, "uvlock": true },
			{ "model": "block/warped_stairs_outer/9", "y": 90, "uvlock": true }
		],
        "facing=north,half=bottom,shape=outer_right": [
		    { "model": "block/warped_stairs_outer", "y": 270, "uvlock": true },
			{ "model": "block/warped_stairs_outer/1", "y": 270, "uvlock": true },
			{ "model": "block/warped_stairs_outer/2", "y": 270, "uvlock": true },
			{ "model": "block/warped_stairs_outer/3", "y": 270, "uvlock": true },
			{ "model": "block/warped_stairs_outer/4", "y": 270, "uvlock": true },
			{ "model": "block/warped_stairs_outer/5", "y": 270, "uvlock": true },
			{ "model": "block/warped_stairs_outer/6", "y": 270, "uvlock": true },
			{ "model": "block/warped_stairs_outer/7", "y": 270, "uvlock": true },
			{ "model": "block/warped_stairs_outer/8", "y": 270, "uvlock": true },
			{ "model": "block/warped_stairs_outer/9", "y": 270, "uvlock": true }
		],
        "facing=east,half=bottom,shape=outer_left": [
    		{ "model": "block/warped_stairs_outer", "y": 270, "uvlock": true },
			{ "model": "block/warped_stairs_outer/1", "y": 270, "uvlock": true },
			{ "model": "block/warped_stairs_outer/2", "y": 270, "uvlock": true },
			{ "model": "block/warped_stairs_outer/3", "y": 270, "uvlock": true },
			{ "model": "block/warped_stairs_outer/4", "y": 270, "uvlock": true },
			{ "model": "block/warped_stairs_outer/5", "y": 270, "uvlock": true },
			{ "model": "block/warped_stairs_outer/6", "y": 270, "uvlock": true },
			{ "model": "block/warped_stairs_outer/7", "y": 270, "uvlock": true },
			{ "model": "block/warped_stairs_outer/8", "y": 270, "uvlock": true },
			{ "model": "block/warped_stairs_outer/9", "y": 270, "uvlock": true }
		],
        "facing=west,half=bottom,shape=outer_left": [
    		{ "model": "block/warped_stairs_outer", "y": 90, "uvlock": true },
			{ "model": "block/warped_stairs_outer/1", "y": 90, "uvlock": true },
			{ "model": "block/warped_stairs_outer/2", "y": 90, "uvlock": true },
			{ "model": "block/warped_stairs_outer/3", "y": 90, "uvlock": true },
			{ "model": "block/warped_stairs_outer/4", "y": 90, "uvlock": true },
			{ "model": "block/warped_stairs_outer/5", "y": 90, "uvlock": true },
			{ "model": "block/warped_stairs_outer/6", "y": 90, "uvlock": true },
			{ "model": "block/warped_stairs_outer/7", "y": 90, "uvlock": true },
			{ "model": "block/warped_stairs_outer/8", "y": 90, "uvlock": true },
			{ "model": "block/warped_stairs_outer/9", "y": 90, "uvlock": true }
		],
        "facing=south,half=bottom,shape=outer_left": [
		    { "model": "block/warped_stairs_outer" },
			{ "model": "block/warped_stairs_outer/1" },
			{ "model": "block/warped_stairs_outer/2" },
			{ "model": "block/warped_stairs_outer/3" },
			{ "model": "block/warped_stairs_outer/4" },
			{ "model": "block/warped_stairs_outer/5" },
			{ "model": "block/warped_stairs_outer/6" },
			{ "model": "block/warped_stairs_outer/7" },
			{ "model": "block/warped_stairs_outer/8" },
			{ "model": "block/warped_stairs_outer/9" }
		],
        "facing=north,half=bottom,shape=outer_left": [
		    { "model": "block/warped_stairs_outer", "y": 180, "uvlock": true },
			{ "model": "block/warped_stairs_outer/1", "y": 180, "uvlock": true },
			{ "model": "block/warped_stairs_outer/2", "y": 180, "uvlock": true },
			{ "model": "block/warped_stairs_outer/3", "y": 180, "uvlock": true },
			{ "model": "block/warped_stairs_outer/4", "y": 180, "uvlock": true },
			{ "model": "block/warped_stairs_outer/5", "y": 180, "uvlock": true },
			{ "model": "block/warped_stairs_outer/6", "y": 180, "uvlock": true },
			{ "model": "block/warped_stairs_outer/7", "y": 180, "uvlock": true },
			{ "model": "block/warped_stairs_outer/8", "y": 180, "uvlock": true },
			{ "model": "block/warped_stairs_outer/9", "y": 180, "uvlock": true }
		],
        "facing=east,half=bottom,shape=inner_right": [
    		{ "model": "block/warped_stairs_inner" },
			{ "model": "block/warped_stairs_inner/1" },
			{ "model": "block/warped_stairs_inner/2" },
			{ "model": "block/warped_stairs_inner/3" },
			{ "model": "block/warped_stairs_inner/4" },
			{ "model": "block/warped_stairs_inner/5" },
			{ "model": "block/warped_stairs_inner/6" },
			{ "model": "block/warped_stairs_inner/7" },
			{ "model": "block/warped_stairs_inner/8" },
			{ "model": "block/warped_stairs_inner/9" }
		],
        "facing=west,half=bottom,shape=inner_right": [
    		{ "model": "block/warped_stairs_inner", "y": 180, "uvlock": true },
			{ "model": "block/warped_stairs_inner/1", "y": 180, "uvlock": true },
			{ "model": "block/warped_stairs_inner/2", "y": 180, "uvlock": true },
			{ "model": "block/warped_stairs_inner/3", "y": 180, "uvlock": true },
			{ "model": "block/warped_stairs_inner/4", "y": 180, "uvlock": true },
			{ "model": "block/warped_stairs_inner/5", "y": 180, "uvlock": true },
			{ "model": "block/warped_stairs_inner/6", "y": 180, "uvlock": true },
			{ "model": "block/warped_stairs_inner/7", "y": 180, "uvlock": true },
			{ "model": "block/warped_stairs_inner/8", "y": 180, "uvlock": true },
			{ "model": "block/warped_stairs_inner/9", "y": 180, "uvlock": true }
		],
        "facing=south,half=bottom,shape=inner_right": [
		    { "model": "block/warped_stairs_inner", "y": 90, "uvlock": true },
			{ "model": "block/warped_stairs_inner/1", "y": 90, "uvlock": true },
			{ "model": "block/warped_stairs_inner/2", "y": 90, "uvlock": true },
			{ "model": "block/warped_stairs_inner/3", "y": 90, "uvlock": true },
			{ "model": "block/warped_stairs_inner/4", "y": 90, "uvlock": true },
			{ "model": "block/warped_stairs_inner/5", "y": 90, "uvlock": true },
			{ "model": "block/warped_stairs_inner/6", "y": 90, "uvlock": true },
			{ "model": "block/warped_stairs_inner/7", "y": 90, "uvlock": true },
			{ "model": "block/warped_stairs_inner/8", "y": 90, "uvlock": true },
			{ "model": "block/warped_stairs_inner/9", "y": 90, "uvlock": true }
		],
        "facing=north,half=bottom,shape=inner_right": [
		    { "model": "block/warped_stairs_inner", "y": 270, "uvlock": true },
			{ "model": "block/warped_stairs_inner/1", "y": 270, "uvlock": true },
			{ "model": "block/warped_stairs_inner/2", "y": 270, "uvlock": true },
			{ "model": "block/warped_stairs_inner/3", "y": 270, "uvlock": true },
			{ "model": "block/warped_stairs_inner/4", "y": 270, "uvlock": true },
			{ "model": "block/warped_stairs_inner/5", "y": 270, "uvlock": true },
			{ "model": "block/warped_stairs_inner/6", "y": 270, "uvlock": true },
			{ "model": "block/warped_stairs_inner/7", "y": 270, "uvlock": true },
			{ "model": "block/warped_stairs_inner/8", "y": 270, "uvlock": true },
			{ "model": "block/warped_stairs_inner/9", "y": 270, "uvlock": true }
		],
        "facing=east,half=bottom,shape=inner_left": [
    		{ "model": "block/warped_stairs_inner", "y": 270, "uvlock": true },
			{ "model": "block/warped_stairs_inner/1", "y": 270, "uvlock": true },
			{ "model": "block/warped_stairs_inner/2", "y": 270, "uvlock": true },
			{ "model": "block/warped_stairs_inner/3", "y": 270, "uvlock": true },
			{ "model": "block/warped_stairs_inner/4", "y": 270, "uvlock": true },
			{ "model": "block/warped_stairs_inner/5", "y": 270, "uvlock": true },
			{ "model": "block/warped_stairs_inner/6", "y": 270, "uvlock": true },
			{ "model": "block/warped_stairs_inner/7", "y": 270, "uvlock": true },
			{ "model": "block/warped_stairs_inner/8", "y": 270, "uvlock": true },
			{ "model": "block/warped_stairs_inner/9", "y": 270, "uvlock": true }
		],
        "facing=west,half=bottom,shape=inner_left": [
    		{ "model": "block/warped_stairs_inner", "y": 90, "uvlock": true },
			{ "model": "block/warped_stairs_inner/1", "y": 90, "uvlock": true },
			{ "model": "block/warped_stairs_inner/2", "y": 90, "uvlock": true },
			{ "model": "block/warped_stairs_inner/3", "y": 90, "uvlock": true },
			{ "model": "block/warped_stairs_inner/4", "y": 90, "uvlock": true },
			{ "model": "block/warped_stairs_inner/5", "y": 90, "uvlock": true },
			{ "model": "block/warped_stairs_inner/6", "y": 90, "uvlock": true },
			{ "model": "block/warped_stairs_inner/7", "y": 90, "uvlock": true },
			{ "model": "block/warped_stairs_inner/8", "y": 90, "uvlock": true },
			{ "model": "block/warped_stairs_inner/9", "y": 90, "uvlock": true }
		],
        "facing=south,half=bottom,shape=inner_left": [
		    { "model": "block/warped_stairs_inner" },
			{ "model": "block/warped_stairs_inner/1" },
			{ "model": "block/warped_stairs_inner/2" },
			{ "model": "block/warped_stairs_inner/3" },
			{ "model": "block/warped_stairs_inner/4" },
			{ "model": "block/warped_stairs_inner/5" },
			{ "model": "block/warped_stairs_inner/6" },
			{ "model": "block/warped_stairs_inner/7" },
			{ "model": "block/warped_stairs_inner/8" },
			{ "model": "block/warped_stairs_inner/9" }
		],
        "facing=north,half=bottom,shape=inner_left": [
		   { "model": "block/warped_stairs_inner", "y": 180, "uvlock": true },
		   { "model": "block/warped_stairs_inner/1", "y": 180, "uvlock": true },
		   { "model": "block/warped_stairs_inner/2", "y": 180, "uvlock": true },
		   { "model": "block/warped_stairs_inner/3", "y": 180, "uvlock": true },
		   { "model": "block/warped_stairs_inner/4", "y": 180, "uvlock": true },
		   { "model": "block/warped_stairs_inner/5", "y": 180, "uvlock": true },
		   { "model": "block/warped_stairs_inner/6", "y": 180, "uvlock": true },
		   { "model": "block/warped_stairs_inner/7", "y": 180, "uvlock": true },
		   { "model": "block/warped_stairs_inner/8", "y": 180, "uvlock": true },
		   { "model": "block/warped_stairs_inner/9", "y": 180, "uvlock": true }
		],
        "facing=east,half=top,shape=straight": [
    		{ "model": "block/warped_stairs", "x": 180, "uvlock": true },
			{ "model": "block/warped_stairs/1", "x": 180, "uvlock": true },
			{ "model": "block/warped_stairs/2", "x": 180, "uvlock": true },
			{ "model": "block/warped_stairs/3", "x": 180, "uvlock": true },
			{ "model": "block/warped_stairs/4", "x": 180, "uvlock": true },
			{ "model": "block/warped_stairs/5", "x": 180, "uvlock": true },
			{ "model": "block/warped_stairs/6", "x": 180, "uvlock": true },
			{ "model": "block/warped_stairs/7", "x": 180, "uvlock": true },
			{ "model": "block/warped_stairs/8", "x": 180, "uvlock": true },
			{ "model": "block/warped_stairs/9", "x": 180, "uvlock": true }
		],
        "facing=west,half=top,shape=straight": [
    		{ "model": "block/warped_stairs", "x": 180, "y": 180, "uvlock": true },
			{ "model": "block/warped_stairs/1", "x": 180, "y": 180, "uvlock": true },
			{ "model": "block/warped_stairs/2", "x": 180, "y": 180, "uvlock": true },
			{ "model": "block/warped_stairs/3", "x": 180, "y": 180, "uvlock": true },
			{ "model": "block/warped_stairs/4", "x": 180, "y": 180, "uvlock": true },
			{ "model": "block/warped_stairs/5", "x": 180, "y": 180, "uvlock": true },
			{ "model": "block/warped_stairs/6", "x": 180, "y": 180, "uvlock": true },
			{ "model": "block/warped_stairs/7", "x": 180, "y": 180, "uvlock": true },
			{ "model": "block/warped_stairs/8", "x": 180, "y": 180, "uvlock": true },
			{ "model": "block/warped_stairs/9", "x": 180, "y": 180, "uvlock": true }
		],
        "facing=south,half=top,shape=straight": [
		    { "model": "block/warped_stairs", "x": 180, "y": 90, "uvlock": true },
			{ "model": "block/warped_stairs/1", "x": 180, "y": 90, "uvlock": true },
			{ "model": "block/warped_stairs/2", "x": 180, "y": 90, "uvlock": true },
			{ "model": "block/warped_stairs/3", "x": 180, "y": 90, "uvlock": true },
			{ "model": "block/warped_stairs/4", "x": 180, "y": 90, "uvlock": true },
			{ "model": "block/warped_stairs/5", "x": 180, "y": 90, "uvlock": true },
			{ "model": "block/warped_stairs/6", "x": 180, "y": 90, "uvlock": true },
			{ "model": "block/warped_stairs/7", "x": 180, "y": 90, "uvlock": true },
			{ "model": "block/warped_stairs/8", "x": 180, "y": 90, "uvlock": true },
			{ "model": "block/warped_stairs/9", "x": 180, "y": 90, "uvlock": true }
		],
        "facing=north,half=top,shape=straight": [
		    { "model": "block/warped_stairs", "x": 180, "y": 270, "uvlock": true },
			{ "model": "block/warped_stairs/1", "x": 180, "y": 270, "uvlock": true },
			{ "model": "block/warped_stairs/2", "x": 180, "y": 270, "uvlock": true },
			{ "model": "block/warped_stairs/3", "x": 180, "y": 270, "uvlock": true },
			{ "model": "block/warped_stairs/4", "x": 180, "y": 270, "uvlock": true },
			{ "model": "block/warped_stairs/5", "x": 180, "y": 270, "uvlock": true },
			{ "model": "block/warped_stairs/6", "x": 180, "y": 270, "uvlock": true },
			{ "model": "block/warped_stairs/7", "x": 180, "y": 270, "uvlock": true },
			{ "model": "block/warped_stairs/8", "x": 180, "y": 270, "uvlock": true },
			{ "model": "block/warped_stairs/9", "x": 180, "y": 270, "uvlock": true }
		],
        "facing=east,half=top,shape=outer_right": [
    		{ "model": "block/warped_stairs_outer", "x": 180, "y": 90, "uvlock": true },
			{ "model": "block/warped_stairs_outer/1", "x": 180, "y": 90, "uvlock": true },
			{ "model": "block/warped_stairs_outer/2", "x": 180, "y": 90, "uvlock": true },
			{ "model": "block/warped_stairs_outer/3", "x": 180, "y": 90, "uvlock": true },
			{ "model": "block/warped_stairs_outer/4", "x": 180, "y": 90, "uvlock": true },
			{ "model": "block/warped_stairs_outer/5", "x": 180, "y": 90, "uvlock": true },
			{ "model": "block/warped_stairs_outer/6", "x": 180, "y": 90, "uvlock": true },
			{ "model": "block/warped_stairs_outer/7", "x": 180, "y": 90, "uvlock": true },
			{ "model": "block/warped_stairs_outer/8", "x": 180, "y": 90, "uvlock": true },
			{ "model": "block/warped_stairs_outer/9", "x": 180, "y": 90, "uvlock": true }
		],
        "facing=west,half=top,shape=outer_right": [
		    { "model": "block/warped_stairs_outer", "x": 180, "y": 270, "uvlock": true },
			{ "model": "block/warped_stairs_outer/1", "x": 180, "y": 270, "uvlock": true },
			{ "model": "block/warped_stairs_outer/2", "x": 180, "y": 270, "uvlock": true },
			{ "model": "block/warped_stairs_outer/3", "x": 180, "y": 270, "uvlock": true },
			{ "model": "block/warped_stairs_outer/4", "x": 180, "y": 270, "uvlock": true },
			{ "model": "block/warped_stairs_outer/5", "x": 180, "y": 270, "uvlock": true },
			{ "model": "block/warped_stairs_outer/6", "x": 180, "y": 270, "uvlock": true },
			{ "model": "block/warped_stairs_outer/7", "x": 180, "y": 270, "uvlock": true },
			{ "model": "block/warped_stairs_outer/8", "x": 180, "y": 270, "uvlock": true },
			{ "model": "block/warped_stairs_outer/9", "x": 180, "y": 270, "uvlock": true }
		],
        "facing=south,half=top,shape=outer_right": [
		    { "model": "block/warped_stairs_outer", "x": 180, "y": 180, "uvlock": true },
			{ "model": "block/warped_stairs_outer/1", "x": 180, "y": 180, "uvlock": true },
			{ "model": "block/warped_stairs_outer/2", "x": 180, "y": 180, "uvlock": true },
			{ "model": "block/warped_stairs_outer/3", "x": 180, "y": 180, "uvlock": true },
			{ "model": "block/warped_stairs_outer/4", "x": 180, "y": 180, "uvlock": true },
			{ "model": "block/warped_stairs_outer/5", "x": 180, "y": 180, "uvlock": true },
			{ "model": "block/warped_stairs_outer/6", "x": 180, "y": 180, "uvlock": true },
			{ "model": "block/warped_stairs_outer/7", "x": 180, "y": 180, "uvlock": true },
			{ "model": "block/warped_stairs_outer/8", "x": 180, "y": 180, "uvlock": true },
			{ "model": "block/warped_stairs_outer/9", "x": 180, "y": 180, "uvlock": true }
		],
        "facing=north,half=top,shape=outer_right": [
		    { "model": "block/warped_stairs_outer", "x": 180, "uvlock": true },
			{ "model": "block/warped_stairs_outer/1", "x": 180, "uvlock": true },
		    { "model": "block/warped_stairs_outer/2", "x": 180, "uvlock": true },
		    { "model": "block/warped_stairs_outer/3", "x": 180, "uvlock": true },
			{ "model": "block/warped_stairs_outer/4", "x": 180, "uvlock": true },
		    { "model": "block/warped_stairs_outer/5", "x": 180, "uvlock": true },
		    { "model": "block/warped_stairs_outer/6", "x": 180, "uvlock": true },
		    { "model": "block/warped_stairs_outer/7", "x": 180, "uvlock": true },
		    { "model": "block/warped_stairs_outer/8", "x": 180, "uvlock": true },
		    { "model": "block/warped_stairs_outer/9", "x": 180, "uvlock": true }
		],
        "facing=east,half=top,shape=outer_left": [
    		{ "model": "block/warped_stairs_outer", "x": 180, "uvlock": true },
			{ "model": "block/warped_stairs_outer/1", "x": 180, "uvlock": true },
			{ "model": "block/warped_stairs_outer/2", "x": 180, "uvlock": true },
			{ "model": "block/warped_stairs_outer/3", "x": 180, "uvlock": true },
			{ "model": "block/warped_stairs_outer/4", "x": 180, "uvlock": true },
			{ "model": "block/warped_stairs_outer/5", "x": 180, "uvlock": true },
			{ "model": "block/warped_stairs_outer/6", "x": 180, "uvlock": true },
			{ "model": "block/warped_stairs_outer/7", "x": 180, "uvlock": true },
			{ "model": "block/warped_stairs_outer/8", "x": 180, "uvlock": true },
			{ "model": "block/warped_stairs_outer/9", "x": 180, "uvlock": true }
		],
        "facing=west,half=top,shape=outer_left": [
    		{ "model": "block/warped_stairs_outer", "x": 180, "y": 180, "uvlock": true },
			{ "model": "block/warped_stairs_outer/1", "x": 180, "y": 180, "uvlock": true },
			{ "model": "block/warped_stairs_outer/2", "x": 180, "y": 180, "uvlock": true },
			{ "model": "block/warped_stairs_outer/3", "x": 180, "y": 180, "uvlock": true },
			{ "model": "block/warped_stairs_outer/4", "x": 180, "y": 180, "uvlock": true },
			{ "model": "block/warped_stairs_outer/5", "x": 180, "y": 180, "uvlock": true },
			{ "model": "block/warped_stairs_outer/6", "x": 180, "y": 180, "uvlock": true },
			{ "model": "block/warped_stairs_outer/7", "x": 180, "y": 180, "uvlock": true },
			{ "model": "block/warped_stairs_outer/8", "x": 180, "y": 180, "uvlock": true },
			{ "model": "block/warped_stairs_outer/9", "x": 180, "y": 180, "uvlock": true }
		],
        "facing=south,half=top,shape=outer_left": [
		    { "model": "block/warped_stairs_outer", "x": 180, "y": 90, "uvlock": true },
			{ "model": "block/warped_stairs_outer/1", "x": 180, "y": 90, "uvlock": true },
		    { "model": "block/warped_stairs_outer/2", "x": 180, "y": 90, "uvlock": true },
			{ "model": "block/warped_stairs_outer/3", "x": 180, "y": 90, "uvlock": true },
			{ "model": "block/warped_stairs_outer/4", "x": 180, "y": 90, "uvlock": true },
			{ "model": "block/warped_stairs_outer/5", "x": 180, "y": 90, "uvlock": true },
			{ "model": "block/warped_stairs_outer/6", "x": 180, "y": 90, "uvlock": true },
			{ "model": "block/warped_stairs_outer/7", "x": 180, "y": 90, "uvlock": true },
			{ "model": "block/warped_stairs_outer/8", "x": 180, "y": 90, "uvlock": true },
			{ "model": "block/warped_stairs_outer/9", "x": 180, "y": 90, "uvlock": true }
		],	   
        "facing=north,half=top,shape=outer_left": [
		    { "model": "block/warped_stairs_outer", "x": 180, "y": 270, "uvlock": true },
			{ "model": "block/warped_stairs_outer/1", "x": 180, "y": 270, "uvlock": true },
			{ "model": "block/warped_stairs_outer/2", "x": 180, "y": 270, "uvlock": true },
			{ "model": "block/warped_stairs_outer/3", "x": 180, "y": 270, "uvlock": true },
			{ "model": "block/warped_stairs_outer/4", "x": 180, "y": 270, "uvlock": true },
			{ "model": "block/warped_stairs_outer/5", "x": 180, "y": 270, "uvlock": true },
			{ "model": "block/warped_stairs_outer/6", "x": 180, "y": 270, "uvlock": true },
			{ "model": "block/warped_stairs_outer/7", "x": 180, "y": 270, "uvlock": true },
			{ "model": "block/warped_stairs_outer/8", "x": 180, "y": 270, "uvlock": true },
			{ "model": "block/warped_stairs_outer/9", "x": 180, "y": 270, "uvlock": true }
		],
        "facing=east,half=top,shape=inner_right": [
     		{ "model": "block/warped_stairs_inner", "x": 180, "y": 90, "uvlock": true },
			{ "model": "block/warped_stairs_inner/1", "x": 180, "y": 90, "uvlock": true },
			{ "model": "block/warped_stairs_inner/2", "x": 180, "y": 90, "uvlock": true },
			{ "model": "block/warped_stairs_inner/3", "x": 180, "y": 90, "uvlock": true },
			{ "model": "block/warped_stairs_inner/4", "x": 180, "y": 90, "uvlock": true },
			{ "model": "block/warped_stairs_inner/5", "x": 180, "y": 90, "uvlock": true },
			{ "model": "block/warped_stairs_inner/6", "x": 180, "y": 90, "uvlock": true },
			{ "model": "block/warped_stairs_inner/7", "x": 180, "y": 90, "uvlock": true },
			{ "model": "block/warped_stairs_inner/8", "x": 180, "y": 90, "uvlock": true },
			{ "model": "block/warped_stairs_inner/9", "x": 180, "y": 90, "uvlock": true }
		],
        "facing=west,half=top,shape=inner_right": [
    		{ "model": "block/warped_stairs_inner", "x": 180, "y": 270, "uvlock": true },
			{ "model": "block/warped_stairs_inner/1", "x": 180, "y": 270, "uvlock": true },
			{ "model": "block/warped_stairs_inner/2", "x": 180, "y": 270, "uvlock": true },
			{ "model": "block/warped_stairs_inner/3", "x": 180, "y": 270, "uvlock": true },
			{ "model": "block/warped_stairs_inner/4", "x": 180, "y": 270, "uvlock": true },
			{ "model": "block/warped_stairs_inner/5", "x": 180, "y": 270, "uvlock": true },
			{ "model": "block/warped_stairs_inner/6", "x": 180, "y": 270, "uvlock": true },
			{ "model": "block/warped_stairs_inner/7", "x": 180, "y": 270, "uvlock": true },
			{ "model": "block/warped_stairs_inner/8", "x": 180, "y": 270, "uvlock": true },
			{ "model": "block/warped_stairs_inner/9", "x": 180, "y": 270, "uvlock": true }
		],
        "facing=south,half=top,shape=inner_right": [
		    { "model": "block/warped_stairs_inner", "x": 180, "y": 180, "uvlock": true },
			{ "model": "block/warped_stairs_inner/1", "x": 180, "y": 180, "uvlock": true },
			{ "model": "block/warped_stairs_inner/2", "x": 180, "y": 180, "uvlock": true },
			{ "model": "block/warped_stairs_inner/3", "x": 180, "y": 180, "uvlock": true },
			{ "model": "block/warped_stairs_inner/4", "x": 180, "y": 180, "uvlock": true },
			{ "model": "block/warped_stairs_inner/5", "x": 180, "y": 180, "uvlock": true },
			{ "model": "block/warped_stairs_inner/6", "x": 180, "y": 180, "uvlock": true },
			{ "model": "block/warped_stairs_inner/7", "x": 180, "y": 180, "uvlock": true },
			{ "model": "block/warped_stairs_inner/8", "x": 180, "y": 180, "uvlock": true },
			{ "model": "block/warped_stairs_inner/9", "x": 180, "y": 180, "uvlock": true }
	    ],
        "facing=north,half=top,shape=inner_right": [
		   { "model": "block/warped_stairs_inner", "x": 180, "uvlock": true },
		   { "model": "block/warped_stairs_inner/1", "x": 180, "uvlock": true },
		   { "model": "block/warped_stairs_inner/2", "x": 180, "uvlock": true },
		   { "model": "block/warped_stairs_inner/3", "x": 180, "uvlock": true },
		   { "model": "block/warped_stairs_inner/4", "x": 180, "uvlock": true },
		   { "model": "block/warped_stairs_inner/5", "x": 180, "uvlock": true },
		   { "model": "block/warped_stairs_inner/6", "x": 180, "uvlock": true },
		   { "model": "block/warped_stairs_inner/7", "x": 180, "uvlock": true },
		   { "model": "block/warped_stairs_inner/8", "x": 180, "uvlock": true },
		   { "model": "block/warped_stairs_inner/9", "x": 180, "uvlock": true }
		],
        "facing=east,half=top,shape=inner_left": [
    		{ "model": "block/warped_stairs_inner", "x": 180, "uvlock": true },
			{ "model": "block/warped_stairs_inner/1", "x": 180, "uvlock": true },
			{ "model": "block/warped_stairs_inner/2", "x": 180, "uvlock": true },
			{ "model": "block/warped_stairs_inner/3", "x": 180, "uvlock": true },
			{ "model": "block/warped_stairs_inner/4", "x": 180, "uvlock": true },
			{ "model": "block/warped_stairs_inner/5", "x": 180, "uvlock": true },
			{ "model": "block/warped_stairs_inner/6", "x": 180, "uvlock": true },
			{ "model": "block/warped_stairs_inner/7", "x": 180, "uvlock": true },
			{ "model": "block/warped_stairs_inner/8", "x": 180, "uvlock": true },
			{ "model": "block/warped_stairs_inner/9", "x": 180, "uvlock": true }
		],
        "facing=west,half=top,shape=inner_left": [
    		{ "model": "block/warped_stairs_inner", "x": 180, "y": 180, "uvlock": true },
			{ "model": "block/warped_stairs_inner/1", "x": 180, "y": 180, "uvlock": true },
			{ "model": "block/warped_stairs_inner/2", "x": 180, "y": 180, "uvlock": true },
			{ "model": "block/warped_stairs_inner/3", "x": 180, "y": 180, "uvlock": true },
			{ "model": "block/warped_stairs_inner/4", "x": 180, "y": 180, "uvlock": true },
			{ "model": "block/warped_stairs_inner/5", "x": 180, "y": 180, "uvlock": true },
			{ "model": "block/warped_stairs_inner/6", "x": 180, "y": 180, "uvlock": true },
			{ "model": "block/warped_stairs_inner/7", "x": 180, "y": 180, "uvlock": true },
			{ "model": "block/warped_stairs_inner/8", "x": 180, "y": 180, "uvlock": true },
			{ "model": "block/warped_stairs_inner/9", "x": 180, "y": 180, "uvlock": true }
		],
        "facing=south,half=top,shape=inner_left": [
		    { "model": "block/warped_stairs_inner", "x": 180, "y": 90, "uvlock": true },
			{ "model": "block/warped_stairs_inner/1", "x": 180, "y": 90, "uvlock": true },
			{ "model": "block/warped_stairs_inner/2", "x": 180, "y": 90, "uvlock": true },
			{ "model": "block/warped_stairs_inner/3", "x": 180, "y": 90, "uvlock": true },
			{ "model": "block/warped_stairs_inner/4", "x": 180, "y": 90, "uvlock": true },
			{ "model": "block/warped_stairs_inner/5", "x": 180, "y": 90, "uvlock": true },
			{ "model": "block/warped_stairs_inner/6", "x": 180, "y": 90, "uvlock": true },
			{ "model": "block/warped_stairs_inner/7", "x": 180, "y": 90, "uvlock": true },
			{ "model": "block/warped_stairs_inner/8", "x": 180, "y": 90, "uvlock": true },
			{ "model": "block/warped_stairs_inner/9", "x": 180, "y": 90, "uvlock": true }
		],
        "facing=north,half=top,shape=inner_left": [
		    { "model": "block/warped_stairs_inner", "x": 180, "y": 270, "uvlock": true },
			{ "model": "block/warped_stairs_inner/1", "x": 180, "y": 270, "uvlock": true },
			{ "model": "block/warped_stairs_inner/2", "x": 180, "y": 270, "uvlock": true },
			{ "model": "block/warped_stairs_inner/3", "x": 180, "y": 270, "uvlock": true },
			{ "model": "block/warped_stairs_inner/4", "x": 180, "y": 270, "uvlock": true },
			{ "model": "block/warped_stairs_inner/5", "x": 180, "y": 270, "uvlock": true },
			{ "model": "block/warped_stairs_inner/6", "x": 180, "y": 270, "uvlock": true },
			{ "model": "block/warped_stairs_inner/7", "x": 180, "y": 270, "uvlock": true },
			{ "model": "block/warped_stairs_inner/8", "x": 180, "y": 270, "uvlock": true },
			{ "model": "block/warped_stairs_inner/9", "x": 180, "y": 270, "uvlock": true }
		]
    }
}
