{
    "variants": {
        "": [
            { "model": "block/warped_fungus", "weight": 4 },
            { "model": "block/warped_fungus/0", "weight": 4 },
            { "model": "block/warped_fungus/1", "weight": 1 },
            { "model": "block/warped_fungus/2", "weight": 4 },
            { "model": "block/warped_fungus/3", "weight": 3 },
            { "model": "block/warped_fungus/4", "weight": 1 },
            { "model": "block/warped_fungus/5", "weight": 3 },
            { "model": "block/warped_fungus/6", "weight": 1 }
        ]
    }
}
