{
    "multipart": [
        {   "apply": [ 
			   { "model": "block/warped_fence_post", "uvlock": true },
			   { "model": "block/warped_fence_post/1", "uvlock": true },
			   { "model": "block/warped_fence_post/2", "uvlock": true },
			   { "model": "block/warped_fence_post/3", "uvlock": true },
			   { "model": "block/warped_fence_post/4", "uvlock": true },
			   { "model": "block/warped_fence_post/5", "uvlock": true },
			   { "model": "block/warped_fence_post/6", "uvlock": true },
			   { "model": "block/warped_fence_post/7", "uvlock": true },
			   { "model": "block/warped_fence_post/8", "uvlock": true },
			   { "model": "block/warped_fence_post/9", "uvlock": true }
			]
        },
        {   "when": { "north": "true" },
            "apply": [
			   { "model": "block/warped_fence_side", "uvlock": true },
			   { "model": "block/warped_fence_side/1", "uvlock": true },
			   { "model": "block/warped_fence_side/2", "uvlock": true },
			   { "model": "block/warped_fence_side/3", "uvlock": true },
			   { "model": "block/warped_fence_side/4", "uvlock": true },
			   { "model": "block/warped_fence_side/5", "uvlock": true },
			   { "model": "block/warped_fence_side/6", "uvlock": true },
			   { "model": "block/warped_fence_side/7", "uvlock": true },
			   { "model": "block/warped_fence_side/8", "uvlock": true },
			   { "model": "block/warped_fence_side/9", "uvlock": true }
			]
        },
        {   "when": { "east": "true" },
            "apply": [
			   { "model": "block/warped_fence_side", "y": 90, "uvlock": true },
			   { "model": "block/warped_fence_side/1", "y": 90, "uvlock": true },
			   { "model": "block/warped_fence_side/2", "y": 90, "uvlock": true },
			   { "model": "block/warped_fence_side/3", "y": 90, "uvlock": true },
			   { "model": "block/warped_fence_side/4", "y": 90, "uvlock": true },
			   { "model": "block/warped_fence_side/5", "y": 90, "uvlock": true },
			   { "model": "block/warped_fence_side/6", "y": 90, "uvlock": true },
			   { "model": "block/warped_fence_side/7", "y": 90, "uvlock": true },
			   { "model": "block/warped_fence_side/8", "y": 90, "uvlock": true },
			   { "model": "block/warped_fence_side/9", "y": 90, "uvlock": true }
			]
        },
        {   "when": { "south": "true" },
            "apply": [
			   { "model": "block/warped_fence_side", "y": 180, "uvlock": true },
			   { "model": "block/warped_fence_side/1", "y": 180, "uvlock": true },
			   { "model": "block/warped_fence_side/2", "y": 180, "uvlock": true },
			   { "model": "block/warped_fence_side/3", "y": 180, "uvlock": true },
			   { "model": "block/warped_fence_side/4", "y": 180, "uvlock": true },
			   { "model": "block/warped_fence_side/5", "y": 180, "uvlock": true },
			   { "model": "block/warped_fence_side/6", "y": 180, "uvlock": true },
			   { "model": "block/warped_fence_side/7", "y": 180, "uvlock": true },
			   { "model": "block/warped_fence_side/8", "y": 180, "uvlock": true },
			   { "model": "block/warped_fence_side/9", "y": 180, "uvlock": true }
			]
        },
        {   "when": { "west": "true" },
            "apply": [
			   { "model": "block/warped_fence_side", "y": 270, "uvlock": true },
			   { "model": "block/warped_fence_side/1", "y": 270, "uvlock": true },
			   { "model": "block/warped_fence_side/2", "y": 270, "uvlock": true },
			   { "model": "block/warped_fence_side/3", "y": 270, "uvlock": true },
			   { "model": "block/warped_fence_side/4", "y": 270, "uvlock": true },
			   { "model": "block/warped_fence_side/5", "y": 270, "uvlock": true },
			   { "model": "block/warped_fence_side/6", "y": 270, "uvlock": true },
			   { "model": "block/warped_fence_side/7", "y": 270, "uvlock": true },
			   { "model": "block/warped_fence_side/8", "y": 270, "uvlock": true },
			   { "model": "block/warped_fence_side/9", "y": 270, "uvlock": true }
			]
        }
    ]
}
