{
    "variants": {
        "facing=south,in_wall=fase,open_false": [
		    { "model": "block/warped_fence_gate", "y": 180, "uvlock": true },
		    { "model": "block/warped_fence_gate/1", "y": 180, "uvlock": true },
		    { "model": "block/warped_fence_gate/2", "y": 180, "uvlock": true },
		    { "model": "block/warped_fence_gate/3", "y": 180, "uvlock": true },
		    { "model": "block/warped_fence_gate/4", "y": 180, "uvlock": true },
		    { "model": "block/warped_fence_gate/5", "y": 180, "uvlock": true },
		    { "model": "block/warped_fence_gate/6", "y": 180, "uvlock": true },
		    { "model": "block/warped_fence_gate/7", "y": 180, "uvlock": true },
		    { "model": "block/warped_fence_gate/8", "y": 180, "uvlock": true },
		    { "model": "block/warped_fence_gate/9", "y": 180, "uvlock": true }
		],
        "facing=west,in_wall=false,open=false": [
		    { "model": "block/warped_fence_gate", "y": 270, "uvlock": true },
		    { "model": "block/warped_fence_gate/1", "y": 270, "uvlock": true },
		    { "model": "block/warped_fence_gate/2", "y": 270, "uvlock": true },
		    { "model": "block/warped_fence_gate/3", "y": 270, "uvlock": true },
		    { "model": "block/warped_fence_gate/4", "y": 270, "uvlock": true },
		    { "model": "block/warped_fence_gate/5", "y": 270, "uvlock": true },
		    { "model": "block/warped_fence_gate/6", "y": 270, "uvlock": true },
		    { "model": "block/warped_fence_gate/7", "y": 270, "uvlock": true },
		    { "model": "block/warped_fence_gate/8", "y": 270, "uvlock": true },
		    { "model": "block/warped_fence_gate/9", "y": 270, "uvlock": true }
		],
        "facing=north,in_wall=false,open=false": [
		    { "model": "block/warped_fence_gate" },
		    { "model": "block/warped_fence_gate/1" },
		    { "model": "block/warped_fence_gate/2" },
		    { "model": "block/warped_fence_gate/3" },
		    { "model": "block/warped_fence_gate/4" },
		    { "model": "block/warped_fence_gate/5" },
		    { "model": "block/warped_fence_gate/6" },
		    { "model": "block/warped_fence_gate/7" },
		    { "model": "block/warped_fence_gate/8" },
		    { "model": "block/warped_fence_gate/9" }
		],
        "facing=east,in_wall=false,open=false": [
		    { "model": "block/warped_fence_gate", "y": 90, "uvlock": true },
		    { "model": "block/warped_fence_gate/1", "y": 90, "uvlock": true },
		    { "model": "block/warped_fence_gate/2", "y": 90, "uvlock": true },
		    { "model": "block/warped_fence_gate/3", "y": 90, "uvlock": true },
		    { "model": "block/warped_fence_gate/4", "y": 90, "uvlock": true },
		    { "model": "block/warped_fence_gate/5", "y": 90, "uvlock": true },
		    { "model": "block/warped_fence_gate/6", "y": 90, "uvlock": true },
		    { "model": "block/warped_fence_gate/7", "y": 90, "uvlock": true },
		    { "model": "block/warped_fence_gate/8", "y": 90, "uvlock": true },
		    { "model": "block/warped_fence_gate/9", "y": 90, "uvlock": true }
		],
        "facing=south,in_wall=false,open=true": [
		    { "model": "block/warped_fence_gate_open", "y": 180, "uvlock": true },
		    { "model": "block/warped_fence_gate_open/1", "y": 180, "uvlock": true },
		    { "model": "block/warped_fence_gate_open/2", "y": 180, "uvlock": true },
		    { "model": "block/warped_fence_gate_open/3", "y": 180, "uvlock": true },
		    { "model": "block/warped_fence_gate_open/4", "y": 180, "uvlock": true },
		    { "model": "block/warped_fence_gate_open/5", "y": 180, "uvlock": true },
		    { "model": "block/warped_fence_gate_open/6", "y": 180, "uvlock": true },
		    { "model": "block/warped_fence_gate_open/7", "y": 180, "uvlock": true },
		    { "model": "block/warped_fence_gate_open/8", "y": 180, "uvlock": true },
		    { "model": "block/warped_fence_gate_open/9", "y": 180, "uvlock": true }
		],
        "facing=west,in_wall=false,open=true": [
		    { "model": "block/warped_fence_gate_open", "y": 270, "uvlock": true },
		    { "model": "block/warped_fence_gate_open/1", "y": 270, "uvlock": true },
		    { "model": "block/warped_fence_gate_open/2", "y": 270, "uvlock": true },
		    { "model": "block/warped_fence_gate_open/3", "y": 270, "uvlock": true },
		    { "model": "block/warped_fence_gate_open/4", "y": 270, "uvlock": true },
		    { "model": "block/warped_fence_gate_open/5", "y": 270, "uvlock": true },
		    { "model": "block/warped_fence_gate_open/6", "y": 270, "uvlock": true },
		    { "model": "block/warped_fence_gate_open/7", "y": 270, "uvlock": true },
		    { "model": "block/warped_fence_gate_open/8", "y": 270, "uvlock": true },
		    { "model": "block/warped_fence_gate_open/9", "y": 270, "uvlock": true }
		],
        "facing=north,in_wall=false,open=true": [
		    { "model": "block/warped_fence_gate_open" },
		    { "model": "block/warped_fence_gate_open/1" },
		    { "model": "block/warped_fence_gate_open/2" },
		    { "model": "block/warped_fence_gate_open/3" },
		    { "model": "block/warped_fence_gate_open/4" },
		    { "model": "block/warped_fence_gate_open/5" },
		    { "model": "block/warped_fence_gate_open/6" },
		    { "model": "block/warped_fence_gate_open/7" },
		    { "model": "block/warped_fence_gate_open/8" },
		    { "model": "block/warped_fence_gate_open/9" }
		],
        "facing=east,in_wall=false,open=true": [
		    { "model": "block/warped_fence_gate_open", "y": 90, "uvlock": true },
		    { "model": "block/warped_fence_gate_open/1", "y": 90, "uvlock": true },
		    { "model": "block/warped_fence_gate_open/2", "y": 90, "uvlock": true },
		    { "model": "block/warped_fence_gate_open/3", "y": 90, "uvlock": true },
		    { "model": "block/warped_fence_gate_open/4", "y": 90, "uvlock": true },
		    { "model": "block/warped_fence_gate_open/5", "y": 90, "uvlock": true },
		    { "model": "block/warped_fence_gate_open/6", "y": 90, "uvlock": true },
		    { "model": "block/warped_fence_gate_open/7", "y": 90, "uvlock": true },
		    { "model": "block/warped_fence_gate_open/8", "y": 90, "uvlock": true },
		    { "model": "block/warped_fence_gate_open/9", "y": 90, "uvlock": true }
		],
        "facing=facing=south,in_wall=true,open=false": [
		    { "model": "block/warped_fence_gate_wall", "y": 180, "uvlock": true },
		    { "model": "block/warped_fence_gate_wall/1", "y": 180, "uvlock": true },
		    { "model": "block/warped_fence_gate_wall/2", "y": 180, "uvlock": true },
		    { "model": "block/warped_fence_gate_wall/3", "y": 180, "uvlock": true },
		    { "model": "block/warped_fence_gate_wall/4", "y": 180, "uvlock": true },
		    { "model": "block/warped_fence_gate_wall/5", "y": 180, "uvlock": true },
		    { "model": "block/warped_fence_gate_wall/6", "y": 180, "uvlock": true },
		    { "model": "block/warped_fence_gate_wall/7", "y": 180, "uvlock": true },
		    { "model": "block/warped_fence_gate_wall/8", "y": 180, "uvlock": true },
		    { "model": "block/warped_fence_gate_wall/9", "y": 180, "uvlock": true }
		],
        "facing=west,in_wall=true,open=false": [
		    { "model": "block/warped_fence_gate_wall", "y": 270, "uvlock": true },
		    { "model": "block/warped_fence_gate_wall/1", "y": 270, "uvlock": true },
		    { "model": "block/warped_fence_gate_wall/2", "y": 270, "uvlock": true },
		    { "model": "block/warped_fence_gate_wall/3", "y": 270, "uvlock": true },
		    { "model": "block/warped_fence_gate_wall/4", "y": 270, "uvlock": true },
		    { "model": "block/warped_fence_gate_wall/5", "y": 270, "uvlock": true },
		    { "model": "block/warped_fence_gate_wall/6", "y": 270, "uvlock": true },
		    { "model": "block/warped_fence_gate_wall/7", "y": 270, "uvlock": true },
		    { "model": "block/warped_fence_gate_wall/8", "y": 270, "uvlock": true },
		    { "model": "block/warped_fence_gate_wall/9", "y": 270, "uvlock": true }
		],
        "facing=north,in_wall=true,open=false": [
		    { "model": "block/warped_fence_gate_wall" },
		    { "model": "block/warped_fence_gate_wall/1" },
		    { "model": "block/warped_fence_gate_wall/2" },
		    { "model": "block/warped_fence_gate_wall/3" },
		    { "model": "block/warped_fence_gate_wall/4" },
		    { "model": "block/warped_fence_gate_wall/5" },
		    { "model": "block/warped_fence_gate_wall/6" },
		    { "model": "block/warped_fence_gate_wall/7" },
		    { "model": "block/warped_fence_gate_wall/8" },
		    { "model": "block/warped_fence_gate_wall/9" }
		],
        "facing=east,in_wall=true,open=false": [
		    { "model": "block/warped_fence_gate_wall", "y": 90, "uvlock": true },
		    { "model": "block/warped_fence_gate_wall/1", "y": 90, "uvlock": true },
		    { "model": "block/warped_fence_gate_wall/2", "y": 90, "uvlock": true },
		    { "model": "block/warped_fence_gate_wall/3", "y": 90, "uvlock": true },
		    { "model": "block/warped_fence_gate_wall/4", "y": 90, "uvlock": true },
		    { "model": "block/warped_fence_gate_wall/5", "y": 90, "uvlock": true },
		    { "model": "block/warped_fence_gate_wall/6", "y": 90, "uvlock": true },
		    { "model": "block/warped_fence_gate_wall/7", "y": 90, "uvlock": true },
		    { "model": "block/warped_fence_gate_wall/8", "y": 90, "uvlock": true },
		    { "model": "block/warped_fence_gate_wall/9", "y": 90, "uvlock": true }
		],
        "facing=south,in_wall=true,open=true": [
		    { "model": "block/warped_fence_gate_wall_open", "y": 180, "uvlock": true },
		    { "model": "block/warped_fence_gate_wall_open/1", "y": 180, "uvlock": true },
		    { "model": "block/warped_fence_gate_wall_open/2", "y": 180, "uvlock": true },
		    { "model": "block/warped_fence_gate_wall_open/3", "y": 180, "uvlock": true },
		    { "model": "block/warped_fence_gate_wall_open/4", "y": 180, "uvlock": true },
		    { "model": "block/warped_fence_gate_wall_open/5", "y": 180, "uvlock": true },
		    { "model": "block/warped_fence_gate_wall_open/6", "y": 180, "uvlock": true },
		    { "model": "block/warped_fence_gate_wall_open/7", "y": 180, "uvlock": true },
		    { "model": "block/warped_fence_gate_wall_open/8", "y": 180, "uvlock": true },
		    { "model": "block/warped_fence_gate_wall_open/9", "y": 180, "uvlock": true }
		],
        "facing=west,in_wall=true,open=true": [
		    { "model": "block/warped_fence_gate_wall_open", "y": 270, "uvlock": true },
		    { "model": "block/warped_fence_gate_wall_open/1", "y": 270, "uvlock": true },
		    { "model": "block/warped_fence_gate_wall_open/2", "y": 270, "uvlock": true },
		    { "model": "block/warped_fence_gate_wall_open/3", "y": 270, "uvlock": true },
		    { "model": "block/warped_fence_gate_wall_open/4", "y": 270, "uvlock": true },
		    { "model": "block/warped_fence_gate_wall_open/5", "y": 270, "uvlock": true },
		    { "model": "block/warped_fence_gate_wall_open/6", "y": 270, "uvlock": true },
		    { "model": "block/warped_fence_gate_wall_open/7", "y": 270, "uvlock": true },
		    { "model": "block/warped_fence_gate_wall_open/8", "y": 270, "uvlock": true },
		    { "model": "block/warped_fence_gate_wall_open/9", "y": 270, "uvlock": true }
		],
        "facing=north,in_wall=true,open=true": [
		    { "model": "block/warped_fence_gate_wall_open" },
		    { "model": "block/warped_fence_gate_wall_open/1" },
		    { "model": "block/warped_fence_gate_wall_open/2" },
		    { "model": "block/warped_fence_gate_wall_open/3" },
		    { "model": "block/warped_fence_gate_wall_open/4" },
		    { "model": "block/warped_fence_gate_wall_open/5" },
		    { "model": "block/warped_fence_gate_wall_open/6" },
		    { "model": "block/warped_fence_gate_wall_open/7" },
		    { "model": "block/warped_fence_gate_wall_open/8" },
		    { "model": "block/warped_fence_gate_wall_open/9" }
		],
        "facing=east,in_wall=true,open=true": [
		    { "model": "block/warped_fence_gate_wall_open", "y": 90, "uvlock": true },
		    { "model": "block/warped_fence_gate_wall_open/1", "y": 90, "uvlock": true },
		    { "model": "block/warped_fence_gate_wall_open/2", "y": 90, "uvlock": true },
		    { "model": "block/warped_fence_gate_wall_open/3", "y": 90, "uvlock": true },
		    { "model": "block/warped_fence_gate_wall_open/4", "y": 90, "uvlock": true },
		    { "model": "block/warped_fence_gate_wall_open/5", "y": 90, "uvlock": true },
		    { "model": "block/warped_fence_gate_wall_open/6", "y": 90, "uvlock": true },
		    { "model": "block/warped_fence_gate_wall_open/7", "y": 90, "uvlock": true },
		    { "model": "block/warped_fence_gate_wall_open/8", "y": 90, "uvlock": true },
		    { "model": "block/warped_fence_gate_wall_open/9", "y": 90, "uvlock": true }
		]
    }
}
