{
    "parent": "item/generated",
    "textures": {
        "layer0": "item/chainmail_chestplate"
    },
    "overrides": [
        {
            "predicate": {
                "damaged": 1,
                "damage": 0.2
            },
            "model": "item/chestplates/chainmail_chestplate/chainmail_chestplate1"
        },
        {
            "predicate": {
                "damaged": 1,
                "damage": 0.4
            },
            "model": "item/chestplates/chainmail_chestplate/chainmail_chestplate2"
        },
        {
            "predicate": {
                "damaged": 1,
                "damage": 0.6
            },
            "model": "item/chestplates/chainmail_chestplate/chainmail_chestplate3"
        },
        {
            "predicate": {
                "damaged": 1,
                "damage": 0.8
            },
            "model": "item/chestplates/chainmail_chestplate/chainmail_chestplate4"
        }
    ]
}
