{
    "parent": "item/generated",
    "textures": {
        "layer0": "item/diamond_leggings"
    },
    "overrides": [
        {
            "predicate": {
                "damaged": 1,
                "damage": 0.2
            },
            "model": "item/leggings/diamond_leggings/diamond_leggings1"
        },
        {
            "predicate": {
                "damaged": 1,
                "damage": 0.4
            },
            "model": "item/leggings/diamond_leggings/diamond_leggings2"
        },
        {
            "predicate": {
                "damaged": 1,
                "damage": 0.6
            },
            "model": "item/leggings/diamond_leggings/diamond_leggings3"
        },
        {
            "predicate": {
                "damaged": 1,
                "damage": 0.8
            },
            "model": "item/leggings/diamond_leggings/diamond_leggings4"
        }
    ]
}
