{
    "parent": "item/handheld_rod",
    "textures": {
        "layer0": "item/fishing_rod"
    },
    "overrides": [
        {
            "predicate": {
                "cast": 1
            },
            "model": "item/fishing_rod_cast"
        },
        {
            "predicate": {
                "damaged": 1,
                "damage": 0.2
            },
            "model": "item/fishing_rod/fishing_rod/fishing_rod1"
        },
        {
            "predicate": {
                "damaged": 1,
                "damage": 0.5
            },
            "model": "item/fishing_rod/fishing_rod/fishing_rod2"
        },
        {
            "predicate": {
                "damaged": 1,
                "damage": 0.8
            },
            "model": "item/fishing_rod/fishing_rod/fishing_rod3"
        },
        {
            "predicate": {
                "damaged": 1,
                "damage": 0.2,
                "cast": 1
            },
            "model": "item/fishing_rod/fishing_rod_cast/fishing_rod_cast1"
        },
        {
            "predicate": {
                "damaged": 1,
                "damage": 0.5,
                "cast": 1
            },
            "model": "item/fishing_rod/fishing_rod_cast/fishing_rod_cast2"
        },
        {
            "predicate": {
                "damaged": 1,
                "damage": 0.8,
                "cast": 1
            },
            "model": "item/fishing_rod/fishing_rod_cast/fishing_rod_cast3"
        }
    ]
}
