{
    "parent": "item/handheld",
    "textures": {
        "layer0": "item/iron_pickaxe"
    },
    "overrides": [
        {
            "predicate": {
                "damaged": 1,
                "damage": 0.2
            },
            "model": "item/pickaxes/iron_pickaxe/iron_pickaxe1"
        },
        {
            "predicate": {
                "damaged": 1,
                "damage": 0.4
            },
            "model": "item/pickaxes/iron_pickaxe/iron_pickaxe2"
        },
        {
            "predicate": {
                "damaged": 1,
                "damage": 0.6
            },
            "model": "item/pickaxes/iron_pickaxe/iron_pickaxe3"
        },
        {
            "predicate": {
                "damaged": 1,
                "damage": 0.8
            },
            "model": "item/pickaxes/iron_pickaxe/iron_pickaxe4"
        }
    ]
}
