{
    "parent": "item/handheld",
    "textures": {
        "layer0": "item/netherite_shovel"
    },
    "overrides": [
        {
            "predicate": {
                "damaged": 1,
                "damage": 0.2
            },
            "model": "item/shovels/netherite_shovel/netherite_shovel1"
        },
        {
            "predicate": {
                "damaged": 1,
                "damage": 0.4
            },
            "model": "item/shovels/netherite_shovel/netherite_shovel2"
        },
        {
            "predicate": {
                "damaged": 1,
                "damage": 0.6
            },
            "model": "item/shovels/netherite_shovel/netherite_shovel3"
        },
        {
            "predicate": {
                "damaged": 1,
                "damage": 0.8
            },
            "model": "item/shovels/netherite_shovel/netherite_shovel4"
        }
    ]
}
