{
    "parent": "item/handheld",
    "textures": {
        "layer0": "item/shears"
    },
    "overrides": [
        {
            "predicate": {
                "damaged": 1,
                "damage": 0.25
            },
            "model": "item/shears/shears1"
        },
        {
            "predicate": {
                "damaged": 1,
                "damage": 0.5
            },
            "model": "item/shears/shears2"
        },
        {
            "predicate": {
                "damaged": 1,
                "damage": 0.75
            },
            "model": "item/shears/shears3"
        }
    ]
}
