{
    "parent": "item/handheld",
    "textures": {
        "layer0": "item/stone_pickaxe"
    },
    "overrides": [
        {
            "predicate": {
                "damaged": 1,
                "damage": 0.2
            },
            "model": "item/pickaxes/stone_pickaxe/stone_pickaxe1"
        },
        {
            "predicate": {
                "damaged": 1,
                "damage": 0.4
            },
            "model": "item/pickaxes/stone_pickaxe/stone_pickaxe2"
        },
        {
            "predicate": {
                "damaged": 1,
                "damage": 0.6
            },
            "model": "item/pickaxes/stone_pickaxe/stone_pickaxe3"
        },
        {
            "predicate": {
                "damaged": 1,
                "damage": 0.8
            },
            "model": "item/pickaxes/stone_pickaxe/stone_pickaxe4"
        }
    ]
}
