{
    "parent": "item/handheld",
    "textures": {
        "layer0": "item/wooden_shovel"
    },
    "overrides": [
        {
            "predicate": {
                "damaged": 1,
                "damage": 0.2
            },
            "model": "item/shovels/wooden_shovel/wooden_shovel1"
        },
        {
            "predicate": {
                "damaged": 1,
                "damage": 0.4
            },
            "model": "item/shovels/wooden_shovel/wooden_shovel2"
        },
        {
            "predicate": {
                "damaged": 1,
                "damage": 0.6
            },
            "model": "item/shovels/wooden_shovel/wooden_shovel3"
        },
        {
            "predicate": {
                "damaged": 1,
                "damage": 0.8
            },
            "model": "item/shovels/wooden_shovel/wooden_shovel4"
        }
    ]
}
