{
  "variants": {
    "facing=east": [
    		   { "model": "minecraft:block/carved_pumpkin", "y": 90, "weight":90 },
    		   { "model": "minecraft:block/white_carved_pumpkin", "y": 90, "weight":10}
    		   ],
    "facing=north": [
    		    {"model": "minecraft:block/carved_pumpkin", "weight":90 },
                    {"model": "minecraft:block/white_carved_pumpkin", "weight":10 }
                    ],
    "facing=south": [
    		    { "model": "minecraft:block/carved_pumpkin", "y": 180, "weight":90 },
    		    { "model": "minecraft:block/white_carved_pumpkin", "y": 180, "weight":10 }
    		    ],
    "facing=west": [
    		   {"model": "minecraft:block/carved_pumpkin", "y": 270, "weight":90 },
    		   { "model": "minecraft:block/white_carved_pumpkin", "y": 270, "weight":10 }
    		   ]
              }
}