{
  "variants": {
    "facing=east": [
    		   { "model": "minecraft:block/jack_o_lantern", "weight":90, "y": 90 },
                   { "model": "minecraft:block/white_jack_o_lantern", "weight":10, "y":90 }
                   ],

    "facing=north": [
                    { "model": "minecraft:block/jack_o_lantern", "weight":90 },
                    { "model": "minecraft:block/white_jack_o_lantern", "weight":10}
                    ],

    "facing=south": [
                    { "model": "minecraft:block/jack_o_lantern", "weight":90, "y": 180 },
                    {"model": "minecraft:block/white_jack_o_lantern", "weight":10, "y": 180 }
                    ],

    "facing=west": [
                   { "model": "minecraft:block/jack_o_lantern", "weight":90, "y": 270 },
                   { "model": "minecraft:block/white_jack_o_lantern", "weight":10, "y": 270}
                   ]
              }
}