{
  "variants": {
    "age=0": {
      "model": "minecraft:block/pumpkin_stem_stage0"
    },
    "age=1": {
      "model": "minecraft:block/pumpkin_stem_stage1"
    },
    "age=2": {
      "model": "minecraft:block/pumpkin_stem_stage2"
    },
    "age=3": {
      "model": "minecraft:block/pumpkin_stem_stage3"
    },
    "age=4": {
      "model": "minecraft:block/pumpkin_stem_stage4"
    },
    "age=5": {
      "model": "minecraft:block/pumpkin_stem_stage5"
    },
    "age=6": {
      "model": "minecraft:block/pumpkin_stem_stage6"
    },
    "age=7": [
      {"model": "minecraft:block/pumpkin_stem_stage7/pumpkin_stem_stage7_leafy"},
      {"model": "minecraft:block/pumpkin_stem_stage7/pumpkin_stem_stage7_leafy"}	
    ]

  }
}