{
	"credit": "Made with Blockbench",
	"textures": {
		"particle": "block/bamboo_stalk",
		"texture": "block/bamboo_stalk"
	},
	"elements": [
		{
			"name": "Center post",
			"from": [7.5, 0, 7.5],
			"to": [8.5, 16, 8.5],
			"faces": {
				"north": {"uv": [7, 0, 8, 16], "texture": "#texture"},
				"east": {"uv": [7, 0, 8, 16], "texture": "#texture"},
				"south": {"uv": [7, 0, 8, 16], "texture": "#texture"},
				"west": {"uv": [7, 0, 8, 16], "texture": "#texture"},
				"up": {"uv": [14, 1, 15, 2], "texture": "#texture", "cullface": "up"},
				"down": {"uv": [14, 1, 15, 2], "texture": "#texture", "cullface": "down"}
			}
		}
	]
}