{
	"credit": "Made with Blockbench",
	"parent": "block/block",
	"textures": {
		"2": "block/chain",
		"3": "block/oak_log_top",
		"particle": "block/oak_log",
		"texture": "block/oak_log"
	},
	"elements": [
		{
			"from": [10, 9.5, 7.5],
			"to": [12, 9.5, 8.5],
			"faces": {
				"north": {"uv": [0, 0, 2, 0], "texture": "#2"},
				"east": {"uv": [0, 0, 1, 0], "texture": "#2"},
				"south": {"uv": [0, 0, 2, 0], "texture": "#2"},
				"west": {"uv": [0, 0, 1, 0], "texture": "#2"},
				"up": {"uv": [4, 3, 6, 4], "rotation": 270, "texture": "#2"},
				"down": {"uv": [4, 3, 6, 4], "rotation": 90, "texture": "#2"}
			}
		},
		{
			"from": [9, 8, 8],
			"to": [10, 9, 8],
			"rotation": {"angle": 0, "axis": "x", "origin": [8, 9.5, 8]},
			"faces": {
				"north": {"uv": [12, 1, 13, 2], "rotation": 90, "texture": "#2"},
				"east": {"uv": [0, 0, 1, 0], "rotation": 90, "texture": "#2"},
				"south": {"uv": [15, 1, 16, 2], "rotation": 90, "texture": "#2"},
				"west": {"uv": [0, 0, 1, 0], "rotation": 270, "texture": "#2"},
				"up": {"uv": [0, 0, 2, 0], "texture": "#2"},
				"down": {"uv": [0, 0, 2, 0], "rotation": 180, "texture": "#2"}
			}
		},
		{
			"from": [6, 8, 8],
			"to": [7, 9, 8],
			"rotation": {"angle": 0, "axis": "x", "origin": [8, 9.5, 8]},
			"faces": {
				"north": {"uv": [15, 1, 16, 2], "rotation": 90, "texture": "#2"},
				"east": {"uv": [0, 0, 1, 0], "rotation": 90, "texture": "#2"},
				"south": {"uv": [12, 1, 13, 2], "rotation": 90, "texture": "#2"},
				"west": {"uv": [0, 0, 1, 0], "rotation": 270, "texture": "#2"},
				"up": {"uv": [0, 0, 2, 0], "texture": "#2"},
				"down": {"uv": [0, 0, 2, 0], "rotation": 180, "texture": "#2"}
			}
		},
		{
			"from": [4, 9.5, 7.5],
			"to": [6, 9.5, 8.5],
			"faces": {
				"north": {"uv": [0, 0, 2, 0], "texture": "#2"},
				"east": {"uv": [0, 0, 1, 0], "texture": "#2"},
				"south": {"uv": [0, 0, 2, 0], "texture": "#2"},
				"west": {"uv": [0, 0, 1, 0], "texture": "#2"},
				"up": {"uv": [4, 3, 6, 4], "rotation": 270, "texture": "#2"},
				"down": {"uv": [4, 3, 6, 4], "rotation": 90, "texture": "#2"}
			}
		},
		{
			"name": "top bar",
			"from": [10, 9, 8],
			"to": [12, 10, 8],
			"faces": {
				"north": {"uv": [4, 3, 6, 4], "texture": "#2"},
				"east": {"uv": [0, 0, 1, 1], "texture": "#2"},
				"south": {"uv": [4, 3, 6, 4], "texture": "#2"},
				"west": {"uv": [0, 0, 1, 1], "texture": "#2"},
				"up": {"uv": [0, 0, 1, 1], "rotation": 270, "texture": "#2"},
				"down": {"uv": [0, 0, 1, 1], "rotation": 90, "texture": "#2"}
			}
		},
		{
			"name": "top bar",
			"from": [7, 9, 8],
			"to": [9, 10, 8],
			"faces": {
				"north": {"uv": [13, 0, 15, 1], "texture": "#2"},
				"east": {"uv": [0, 0, 1, 1], "texture": "#2"},
				"south": {"uv": [13, 0, 15, 1], "texture": "#2"},
				"west": {"uv": [0, 0, 1, 1], "texture": "#2"},
				"up": {"uv": [0, 0, 1, 1], "rotation": 270, "texture": "#2"},
				"down": {"uv": [0, 0, 1, 1], "rotation": 90, "texture": "#2"}
			}
		},
		{
			"name": "top bar",
			"from": [7, 7, 8],
			"to": [9, 8, 8],
			"faces": {
				"north": {"uv": [13, 2, 15, 3], "texture": "#2"},
				"east": {"uv": [0, 0, 1, 1], "texture": "#2"},
				"south": {"uv": [13, 2, 15, 3], "texture": "#2"},
				"west": {"uv": [0, 0, 1, 1], "texture": "#2"},
				"up": {"uv": [0, 0, 1, 1], "rotation": 270, "texture": "#2"},
				"down": {"uv": [0, 0, 1, 1], "rotation": 90, "texture": "#2"}
			}
		},
		{
			"name": "top bar",
			"from": [4, 9, 8],
			"to": [6, 10, 8],
			"faces": {
				"north": {"uv": [4, 3, 6, 4], "texture": "#2"},
				"east": {"uv": [0, 0, 1, 1], "texture": "#2"},
				"south": {"uv": [4, 3, 6, 4], "texture": "#2"},
				"west": {"uv": [0, 0, 1, 1], "texture": "#2"},
				"up": {"uv": [0, 0, 1, 1], "rotation": 270, "texture": "#2"},
				"down": {"uv": [0, 0, 1, 1], "rotation": 90, "texture": "#2"}
			}
		},
		{
			"from": [12, 10.5, 7.5],
			"to": [14, 10.5, 8.5],
			"faces": {
				"north": {"uv": [0, 0, 2, 0], "texture": "#2"},
				"east": {"uv": [0, 0, 1, 0], "texture": "#2"},
				"south": {"uv": [0, 0, 2, 0], "texture": "#2"},
				"west": {"uv": [0, 0, 1, 0], "texture": "#2"},
				"up": {"uv": [2, 2, 4, 3], "rotation": 270, "texture": "#2"},
				"down": {"uv": [2, 2, 4, 3], "rotation": 90, "texture": "#2"}
			}
		},
		{
			"from": [2, 10.5, 7.5],
			"to": [4, 10.5, 8.5],
			"faces": {
				"north": {"uv": [0, 0, 2, 0], "texture": "#2"},
				"east": {"uv": [0, 0, 1, 0], "texture": "#2"},
				"south": {"uv": [0, 0, 2, 0], "texture": "#2"},
				"west": {"uv": [0, 0, 1, 0], "texture": "#2"},
				"up": {"uv": [2, 2, 4, 3], "rotation": 270, "texture": "#2"},
				"down": {"uv": [2, 2, 4, 3], "rotation": 90, "texture": "#2"}
			}
		},
		{
			"name": "top bar",
			"from": [12, 10, 8],
			"to": [14, 11, 8],
			"faces": {
				"north": {"uv": [2, 2, 4, 3], "texture": "#2"},
				"east": {"uv": [0, 0, 1, 1], "texture": "#2"},
				"south": {"uv": [2, 2, 4, 3], "texture": "#2"},
				"west": {"uv": [0, 0, 1, 1], "texture": "#2"},
				"up": {"uv": [0, 0, 1, 1], "rotation": 270, "texture": "#2"},
				"down": {"uv": [0, 0, 1, 1], "rotation": 90, "texture": "#2"}
			}
		},
		{
			"name": "top bar",
			"from": [2, 10, 8],
			"to": [4, 11, 8],
			"faces": {
				"north": {"uv": [2, 2, 4, 3], "texture": "#2"},
				"east": {"uv": [0, 0, 1, 1], "texture": "#2"},
				"south": {"uv": [2, 2, 4, 3], "texture": "#2"},
				"west": {"uv": [0, 0, 1, 1], "texture": "#2"},
				"up": {"uv": [0, 0, 1, 1], "rotation": 270, "texture": "#2"},
				"down": {"uv": [0, 0, 1, 1], "rotation": 90, "texture": "#2"}
			}
		},
		{
			"from": [14, 0, 7],
			"to": [16, 13, 9],
			"faces": {
				"north": {"uv": [0, 0, 2, 13], "texture": "#texture"},
				"east": {"uv": [0, 0, 2, 13], "texture": "#texture"},
				"south": {"uv": [0, 0, 2, 13], "texture": "#texture"},
				"west": {"uv": [0, 0, 2, 13], "texture": "#texture"},
				"up": {"uv": [7, 7, 9, 9], "texture": "#3"},
				"down": {"uv": [7, 7, 9, 9], "texture": "#3"}
			}
		},
		{
			"from": [0, 0, 7],
			"to": [2, 13, 9],
			"faces": {
				"north": {"uv": [0, 0, 2, 13], "texture": "#texture"},
				"east": {"uv": [0, 0, 2, 13], "texture": "#texture"},
				"south": {"uv": [0, 0, 2, 13], "texture": "#texture"},
				"west": {"uv": [0, 0, 2, 13], "texture": "#texture"},
				"up": {"uv": [7, 7, 9, 9], "texture": "#3"},
				"down": {"uv": [7, 7, 9, 9], "texture": "#3"}
			}
		}
	],
	"display": {
		"gui": {
			"rotation": [30, 45, 0],
			"translation": [0, -1, 0],
			"scale": [0.8, 0.8, 0.8]
		},
		"head": {
			"translation": [0, -3, -6]
		}
	},
	"groups": [
		{
			"name": "group",
			"origin": [8, 8, 8],
			"children": [0, 1, 2, 3, 4, 5, 6, 7, 8, 9, 10, 11, 12, 13]
		}
	]
}