{
	"credit": "Made with Blockbench",
	"parent": "block/block",
	"textures": {
		"particle": "block/spruce_planks",
		"texture": "block/spruce_planks"
	},
	"elements": [
		{
			"name": "Left-hand post",
			"from": [-0.5, 5, 6.5],
			"to": [2.5, 16, 9.5],
			"rotation": {"angle": 0, "axis": "y", "origin": [1, 8, 8]},
			"faces": {
				"north": {"uv": [0, 0, 3, 11], "texture": "#texture"},
				"east": {"uv": [0, 0, 3, 11], "texture": "#texture"},
				"south": {"uv": [0, 0, 3, 11], "texture": "#texture"},
				"west": {"uv": [0, 0, 3, 11], "texture": "#texture"},
				"up": {"uv": [0, 6, 3, 9], "rotation": 90, "texture": "#texture"},
				"down": {"uv": [0, 6, 3, 9], "rotation": 270, "texture": "#texture"}
			}
		},
		{
			"name": "Left-hand post",
			"from": [0, 11.5, 9.5],
			"to": [1, 14.5, 23.5],
			"rotation": {"angle": 22.5, "axis": "x", "origin": [1, 14.5, 9.5]},
			"faces": {
				"north": {"uv": [0, 0, 1, 3], "texture": "#texture"},
				"east": {"uv": [0, 0, 14, 3], "texture": "#texture"},
				"south": {"uv": [0, 0, 1, 3], "texture": "#texture"},
				"west": {"uv": [0, 0, 14, 3], "texture": "#texture"},
				"up": {"uv": [0, 1, 1, 15], "texture": "#texture"},
				"down": {"uv": [0, 1, 1, 15], "texture": "#texture"}
			}
		},
		{
			"name": "Left-hand post",
			"from": [1, 11.5, 6.5],
			"to": [2, 14.5, 20.5],
			"rotation": {"angle": -22.5, "axis": "x", "origin": [1, 14.5, 20.5]},
			"faces": {
				"north": {"uv": [0, 0, 1, 3], "texture": "#texture"},
				"east": {"uv": [0, 0, 14, 3], "texture": "#texture"},
				"south": {"uv": [0, 0, 1, 3], "texture": "#texture"},
				"west": {"uv": [0, 0, 14, 3], "texture": "#texture"},
				"up": {"uv": [0, 1, 1, 15], "texture": "#texture"},
				"down": {"uv": [0, 1, 1, 15], "texture": "#texture"}
			}
		},
		{
			"name": "Left-hand post",
			"from": [-0.5, 5, 20.5],
			"to": [2.5, 16, 23.5],
			"rotation": {"angle": 0, "axis": "y", "origin": [1, 8, 8]},
			"faces": {
				"north": {"uv": [0, 0, 3, 11], "texture": "#texture"},
				"east": {"uv": [0, 0, 3, 11], "texture": "#texture"},
				"south": {"uv": [0, 0, 3, 11], "texture": "#texture"},
				"west": {"uv": [0, 0, 3, 11], "texture": "#texture"},
				"up": {"uv": [0, 6, 3, 9], "rotation": 90, "texture": "#texture"},
				"down": {"uv": [0, 6, 3, 9], "rotation": 270, "texture": "#texture"}
			}
		},
		{
			"name": "Left-hand post",
			"from": [13.5, 5, 6.5],
			"to": [16.5, 16, 9.5],
			"faces": {
				"north": {"uv": [0, 0, 3, 11], "texture": "#texture"},
				"east": {"uv": [0, 0, 3, 11], "texture": "#texture"},
				"south": {"uv": [0, 0, 3, 11], "texture": "#texture"},
				"west": {"uv": [0, 0, 3, 11], "texture": "#texture"},
				"up": {"uv": [0, 6, 3, 9], "texture": "#texture"},
				"down": {"uv": [0, 6, 3, 9], "texture": "#texture"}
			}
		}
	],
	"display": {
		"gui": {
			"rotation": [30, 45, 0],
			"translation": [0, -1, 0],
			"scale": [0.8, 0.8, 0.8]
		},
		"head": {
			"translation": [0, -3, -6]
		}
	},
	"groups": [
		{
			"name": "group",
			"origin": [8, 8, 8],
			"children": [0, 1, 2, 3, 4]
		}
	]
}