{
    "variants": {
        "facing=north,waterlogged=false":  { "model": "block/ladder" },
        "facing=east,waterlogged=false" :  { "model": "block/ladder", "y": 90 },
        "facing=south,waterlogged=false":  { "model": "block/ladder", "y": 180 },
        "facing=west,waterlogged=false" :  { "model": "block/ladder", "y": 270 },

        "facing=north,waterlogged=true":  { "model": "block/ladder_underwater" },
        "facing=east,waterlogged=true" :  { "model": "block/ladder_underwater", "y": 90 },
        "facing=south,waterlogged=true":  { "model": "block/ladder_underwater", "y": 180 },
        "facing=west,waterlogged=true" :  { "model": "block/ladder_underwater", "y": 270 }
    }
}
